DateKey,City,MaxTemperature,MinTemperature,AvgTemperature,RainfallMM,HumidityPct,WindSpeed
20220101,Bengaluru,25.9,18.1,20.8,2.3,80,22.1
20220102,Bengaluru,27.0,16.2,20.7,0.0,74,18.8
20220103,Bengaluru,26.9,15.6,20.5,0.0,71,16.6
20220104,Bengaluru,26.5,16.3,20.4,0.0,69,16.2
20220105,Bengaluru,26.4,14.8,20.2,0.0,69,15.9
20220106,Bengaluru,27.0,16.1,20.9,0.0,72,15.5
20220107,Bengaluru,26.3,17.3,21.3,0.1,71,17.2
20220108,Bengaluru,27.0,17.8,21.6,0.0,71,17.3
20220109,Bengaluru,27.0,17.1,21.4,0.0,71,13.7
20220110,Bengaluru,27.0,17.1,21.5,0.2,73,16.2
20220111,Bengaluru,27.9,16.3,21.6,0.1,72,14.3
20220112,Bengaluru,27.1,18.1,21.8,0.2,72,13.0
20220113,Bengaluru,27.4,17.1,21.5,0.0,68,14.7
20220114,Bengaluru,27.3,17.6,21.6,0.0,69,13.0
20220115,Bengaluru,28.2,16.2,21.7,0.0,65,16.6
20220116,Bengaluru,27.0,18.2,21.6,0.5,73,18.2
20220117,Bengaluru,26.8,17.3,21.1,0.2,71,19.5
20220118,Bengaluru,27.3,16.0,21.2,0.0,66,14.7
20220119,Bengaluru,27.1,15.8,20.8,0.0,63,13.6
20220120,Bengaluru,28.2,13.8,20.6,0.0,54,13.0
20220121,Bengaluru,30.2,15.2,22.0,0.0,50,18.0
20220122,Bengaluru,29.2,14.4,21.5,0.0,50,12.5
20220123,Bengaluru,28.5,14.5,21.3,0.0,48,12.9
20220124,Bengaluru,27.5,13.8,20.8,0.0,51,13.2
20220125,Bengaluru,27.6,14.2,20.8,0.0,53,14.2
20220126,Bengaluru,27.4,16.8,21.8,0.0,66,13.0
20220127,Bengaluru,25.2,17.4,21.1,2.3,74,16.6
20220128,Bengaluru,26.6,17.1,21.1,0.0,70,24.0
20220129,Bengaluru,27.9,16.0,21.2,0.0,72,19.3
20220130,Bengaluru,28.2,17.1,22.1,0.2,74,12.5
20220131,Bengaluru,29.7,17.9,23.4,0.0,67,15.5
20220201,Bengaluru,29.5,18.2,23.1,0.0,65,11.6
20220202,Bengaluru,29.9,16.7,22.7,0.0,64,13.7
20220203,Bengaluru,29.0,16.7,22.4,0.0,64,13.5
20220204,Bengaluru,29.4,15.5,22.3,0.0,52,12.3
20220205,Bengaluru,29.7,16.2,22.4,0.0,56,14.4
20220206,Bengaluru,28.3,17.6,22.5,0.0,66,15.9
20220207,Bengaluru,29.0,18.5,23.0,0.0,62,13.8
20220208,Bengaluru,28.8,16.2,22.2,0.0,63,12.9
20220209,Bengaluru,28.6,15.4,21.8,0.0,63,17.6
20220210,Bengaluru,28.9,15.9,21.8,0.0,57,16.3
20220211,Bengaluru,29.1,15.9,22.2,0.0,49,20.7
20220212,Bengaluru,28.8,16.3,22.2,0.0,51,20.5
20220213,Bengaluru,28.6,16.2,21.9,0.0,60,15.5
20220214,Bengaluru,28.3,15.9,21.9,0.0,60,16.8
20220215,Bengaluru,28.7,17.0,22.7,0.0,59,17.1
20220216,Bengaluru,29.5,16.0,22.7,0.0,57,19.2
20220217,Bengaluru,29.5,16.5,22.7,0.0,51,21.8
20220218,Bengaluru,29.4,15.2,22.4,0.0,56,20.4
20220219,Bengaluru,29.7,16.0,22.4,0.0,57,16.3
20220220,Bengaluru,30.8,16.0,22.9,0.0,52,15.5
20220221,Bengaluru,31.5,17.0,23.9,0.0,50,12.1
20220222,Bengaluru,31.4,18.7,24.5,0.0,52,19.8
20220223,Bengaluru,29.9,17.0,23.1,0.0,54,17.8
20220224,Bengaluru,29.0,15.9,22.2,0.0,53,14.9
20220225,Bengaluru,30.7,14.7,22.6,0.0,46,16.6
20220226,Bengaluru,29.7,15.7,22.1,0.0,56,16.0
20220227,Bengaluru,30.0,17.4,22.9,0.0,56,16.8
20220228,Bengaluru,29.4,16.0,22.9,0.0,46,17.6
20220301,Bengaluru,30.1,17.0,23.6,0.0,46,19.1
20220302,Bengaluru,30.2,17.3,23.3,0.0,31,19.7
20220303,Bengaluru,30.5,16.4,23.2,0.0,37,22.4
20220304,Bengaluru,31.3,16.1,23.4,0.0,40,23.2
20220305,Bengaluru,30.9,15.9,23.3,0.0,43,20.4
20220306,Bengaluru,30.7,17.3,23.5,0.0,51,22.6
20220307,Bengaluru,27.8,17.7,21.7,3.4,69,22.5
20220308,Bengaluru,30.2,17.3,23.6,0.1,59,17.1
20220309,Bengaluru,31.8,17.6,24.5,0.0,46,17.7
20220310,Bengaluru,32.5,18.8,25.1,0.0,38,18.3
20220311,Bengaluru,32.4,18.2,25.1,0.0,33,18.8
20220312,Bengaluru,32.2,17.9,25.1,0.0,34,19.6
20220313,Bengaluru,31.9,18.6,25.2,0.0,33,19.1
20220314,Bengaluru,32.8,18.8,25.7,0.0,40,17.9
20220315,Bengaluru,33.1,17.8,25.2,0.0,40,13.5
20220316,Bengaluru,33.2,17.4,25.1,0.0,40,20.4
20220317,Bengaluru,33.8,18.4,26.3,0.0,33,16.5
20220318,Bengaluru,34.2,19.2,26.4,0.0,36,15.1
20220319,Bengaluru,32.3,19.2,25.9,0.0,46,19.9
20220320,Bengaluru,29.9,22.0,24.7,0.0,56,10.6
20220321,Bengaluru,33.0,19.8,25.0,0.2,61,17.1
20220322,Bengaluru,31.2,21.0,24.8,0.0,64,12.2
20220323,Bengaluru,32.9,20.9,26.5,0.0,53,15.8
20220324,Bengaluru,32.7,20.6,26.2,0.4,56,21.1
20220325,Bengaluru,32.2,20.3,26.0,0.0,58,13.9
20220326,Bengaluru,33.2,20.2,26.4,0.0,57,14.3
20220327,Bengaluru,34.2,20.8,26.9,0.0,53,19.7
20220328,Bengaluru,34.3,20.8,27.1,0.0,51,15.2
20220329,Bengaluru,34.0,21.2,27.2,0.1,52,13.0
20220330,Bengaluru,33.9,21.5,27.6,0.2,46,16.0
20220331,Bengaluru,32.3,21.7,27.2,0.0,50,11.1
20220401,Bengaluru,33.5,21.7,27.4,0.0,44,16.4
20220402,Bengaluru,32.8,20.3,26.6,0.0,51,14.0
20220403,Bengaluru,33.7,19.9,26.4,0.0,51,19.1
20220404,Bengaluru,32.9,19.7,26.3,0.0,51,19.2
20220405,Bengaluru,33.1,19.6,26.0,0.0,53,22.3
20220406,Bengaluru,33.8,18.9,26.2,0.0,52,15.6
20220407,Bengaluru,35.3,20.0,27.0,0.0,48,26.6
20220408,Bengaluru,33.2,19.4,26.4,0.1,53,15.5
20220409,Bengaluru,33.7,20.5,26.9,0.0,53,17.2
20220410,Bengaluru,34.1,20.3,26.9,0.0,53,18.8
20220411,Bengaluru,34.0,20.4,27.0,0.0,57,17.5
20220412,Bengaluru,33.3,20.9,26.4,0.0,61,18.8
20220413,Bengaluru,31.6,21.7,25.6,2.5,70,21.9
20220414,Bengaluru,32.2,20.9,24.8,12.8,72,15.8
20220415,Bengaluru,33.7,20.4,26.0,5.3,67,13.2
20220416,Bengaluru,33.8,20.2,25.8,4.2,67,21.4
20220417,Bengaluru,33.0,19.3,24.3,10.5,72,21.8
20220418,Bengaluru,31.7,19.2,24.2,0.2,71,15.9
20220419,Bengaluru,33.2,19.5,25.9,0.0,63,17.1
20220420,Bengaluru,34.4,20.6,27.7,0.0,52,15.9
20220421,Bengaluru,33.7,20.8,27.0,0.0,56,18.2
20220422,Bengaluru,33.4,20.1,26.1,0.0,61,19.5
20220423,Bengaluru,33.0,20.5,26.3,0.0,60,16.3
20220424,Bengaluru,33.2,20.3,26.3,0.0,55,13.9
20220425,Bengaluru,34.7,20.9,27.5,0.0,48,15.1
20220426,Bengaluru,34.7,21.5,27.9,0.0,45,14.7
20220427,Bengaluru,35.3,21.2,28.3,0.0,47,17.3
20220428,Bengaluru,34.9,21.9,27.9,0.0,50,14.5
20220429,Bengaluru,37.1,21.8,28.9,0.0,43,18.0
20220430,Bengaluru,34.7,21.8,27.8,0.0,56,17.3
20220501,Bengaluru,34.2,21.7,27.8,0.0,54,14.2
20220502,Bengaluru,34.2,21.7,27.5,0.0,58,13.0
20220503,Bengaluru,34.1,20.7,26.5,1.6,64,21.6
20220504,Bengaluru,33.3,21.3,26.1,0.7,64,11.2
20220505,Bengaluru,31.4,20.3,24.7,0.6,76,16.7
20220506,Bengaluru,31.0,20.3,24.0,10.7,79,10.5
20220507,Bengaluru,31.5,20.2,25.3,0.6,69,15.5
20220508,Bengaluru,33.0,19.7,26.2,0.1,64,14.6
20220509,Bengaluru,31.6,19.9,25.7,0.1,68,13.7
20220510,Bengaluru,27.2,21.4,23.2,4.9,86,23.9
20220511,Bengaluru,25.5,20.8,22.7,0.4,80,27.7
20220512,Bengaluru,24.8,20.3,21.9,20.6,86,22.1
20220513,Bengaluru,27.3,20.2,22.6,18.1,87,20.4
20220514,Bengaluru,28.8,20.3,23.3,14.6,86,16.3
20220515,Bengaluru,29.2,20.8,23.8,17.3,84,15.6
20220516,Bengaluru,27.6,21.0,23.1,25.1,88,15.0
20220517,Bengaluru,28.0,20.7,23.1,18.0,88,10.9
20220518,Bengaluru,27.3,20.5,22.7,13.4,88,16.2
20220519,Bengaluru,24.6,19.2,21.5,0.9,86,26.3
20220520,Bengaluru,26.2,18.5,22.1,4.9,84,22.9
20220521,Bengaluru,26.9,19.3,22.7,0.5,78,27.8
20220522,Bengaluru,27.8,19.8,22.8,0.6,82,23.1
20220523,Bengaluru,29.5,19.7,24.2,0.3,76,20.0
20220524,Bengaluru,29.5,20.2,24.5,0.4,78,14.6
20220525,Bengaluru,29.6,20.5,24.8,0.5,76,13.3
20220526,Bengaluru,29.5,19.9,23.6,3.6,81,12.6
20220527,Bengaluru,29.4,19.9,23.9,0.1,73,15.5
20220528,Bengaluru,29.5,19.2,24.1,0.3,72,15.5
20220529,Bengaluru,29.7,19.5,24.3,0.0,72,14.6
20220530,Bengaluru,29.9,19.5,23.8,6.2,77,22.0
20220531,Bengaluru,29.4,19.3,23.6,2.1,78,16.6
20220601,Bengaluru,29.2,19.4,23.1,4.8,82,18.9
20220602,Bengaluru,29.5,19.5,23.8,0.5,78,16.2
20220603,Bengaluru,29.8,19.7,23.9,8.7,80,24.0
20220604,Bengaluru,31.4,19.8,24.7,9.4,76,14.0
20220605,Bengaluru,30.3,20.3,24.0,15.1,81,21.0
20220606,Bengaluru,29.1,19.9,23.6,7.4,82,13.8
20220607,Bengaluru,27.3,19.9,23.1,1.3,84,18.4
20220608,Bengaluru,29.4,19.9,23.7,0.4,79,19.5
20220609,Bengaluru,29.6,20.0,23.9,0.7,78,20.9
20220610,Bengaluru,29.0,19.4,23.9,1.8,75,21.2
20220611,Bengaluru,28.5,19.3,23.2,1.6,79,20.7
20220612,Bengaluru,28.4,19.3,23.0,11.0,81,19.7
20220613,Bengaluru,28.8,19.3,23.7,0.1,77,16.9
20220614,Bengaluru,29.3,19.5,23.4,11.8,81,14.0
20220615,Bengaluru,27.7,20.6,23.1,0.5,83,16.6
20220616,Bengaluru,28.7,20.0,23.0,10.2,83,15.0
20220617,Bengaluru,28.2,19.5,22.8,7.7,84,12.2
20220618,Bengaluru,26.7,19.5,22.4,24.1,88,10.7
20220619,Bengaluru,27.6,20.0,22.8,3.0,85,12.4
20220620,Bengaluru,28.0,19.2,23.0,1.7,82,16.2
20220621,Bengaluru,27.0,19.8,22.2,7.1,85,19.9
20220622,Bengaluru,26.2,19.9,22.2,0.9,85,19.7
20220623,Bengaluru,26.8,19.7,22.1,0.9,86,21.1
20220624,Bengaluru,27.5,19.4,23.1,1.2,80,25.1
20220625,Bengaluru,27.9,19.6,22.5,10.2,82,27.2
20220626,Bengaluru,27.2,20.2,23.2,1.0,77,27.5
20220627,Bengaluru,27.9,19.7,23.1,0.5,76,23.8
20220628,Bengaluru,27.4,19.5,22.9,1.0,78,19.5
20220629,Bengaluru,27.7,19.9,22.6,3.0,84,22.6
20220630,Bengaluru,27.7,19.5,22.4,13.3,85,19.7
20220701,Bengaluru,27.3,19.6,22.9,6.3,82,24.9
20220702,Bengaluru,28.2,19.7,23.4,3.4,79,24.1
20220703,Bengaluru,28.1,20.0,22.6,4.9,83,20.0
20220704,Bengaluru,25.3,20.3,21.8,1.7,85,29.2
20220705,Bengaluru,24.1,19.8,21.3,10.3,89,27.2
20220706,Bengaluru,24.9,19.7,21.6,3.6,87,25.9
20220707,Bengaluru,24.1,19.8,21.3,15.2,90,24.5
20220708,Bengaluru,26.2,19.6,22.1,1.4,82,31.1
20220709,Bengaluru,23.7,19.5,21.0,11.4,90,27.7
20220710,Bengaluru,25.0,19.5,21.4,4.1,88,30.1
20220711,Bengaluru,24.1,19.3,21.0,5.0,89,27.8
20220712,Bengaluru,26.1,19.0,22.1,0.9,80,32.0
20220713,Bengaluru,26.3,19.7,21.8,3.3,82,32.8
20220714,Bengaluru,26.2,19.6,22.1,5.3,79,34.8
20220715,Bengaluru,27.0,19.7,22.8,1.7,77,29.2
20220716,Bengaluru,27.2,19.7,22.3,7.2,83,29.0
20220717,Bengaluru,27.7,19.8,22.6,5.0,84,27.0
20220718,Bengaluru,26.8,20.1,22.1,5.0,87,22.1
20220719,Bengaluru,27.5,18.9,22.5,1.8,84,17.7
20220720,Bengaluru,28.7,19.8,23.1,18.6,84,12.2
20220721,Bengaluru,28.0,20.0,22.8,10.0,84,17.3
20220722,Bengaluru,26.9,20.0,22.4,12.9,85,16.9
20220723,Bengaluru,27.0,19.3,22.0,1.6,85,19.8
20220724,Bengaluru,26.3,18.7,22.1,1.7,82,22.5
20220725,Bengaluru,27.4,18.7,22.8,0.3,77,19.8
20220726,Bengaluru,26.9,19.1,22.2,2.5,83,16.8
20220727,Bengaluru,28.4,18.3,22.3,5.6,83,13.7
20220728,Bengaluru,28.0,19.1,22.6,4.9,85,12.2
20220729,Bengaluru,29.0,18.7,22.9,5.0,84,12.5
20220730,Bengaluru,28.3,18.9,23.0,12.7,83,12.9
20220731,Bengaluru,28.2,19.3,22.9,9.9,85,11.5
20220801,Bengaluru,27.9,19.9,22.7,39.6,86,12.0
20220802,Bengaluru,27.6,19.7,22.5,25.0,86,14.1
20220803,Bengaluru,26.8,19.2,21.7,17.7,89,11.4
20220804,Bengaluru,25.0,19.7,21.6,17.6,90,18.9
20220805,Bengaluru,23.2,19.7,20.8,24.2,91,31.9
20220806,Bengaluru,25.0,19.6,21.5,5.2,86,28.6
20220807,Bengaluru,24.0,20.0,21.5,5.2,88,29.9
20220808,Bengaluru,25.9,19.8,21.9,3.7,84,32.4
20220809,Bengaluru,26.4,19.9,22.3,0.9,77,36.6
20220810,Bengaluru,26.5,19.4,22.2,2.5,78,34.9
20220811,Bengaluru,27.2,19.4,22.5,1.7,77,32.0
20220812,Bengaluru,26.7,20.0,22.8,1.0,77,28.2
20220813,Bengaluru,27.4,19.2,22.5,0.5,78,23.1
20220814,Bengaluru,26.2,18.7,22.2,0.0,77,22.5
20220815,Bengaluru,27.6,18.3,22.5,0.0,78,18.4
20220816,Bengaluru,27.7,18.6,23.0,0.3,78,12.8
20220817,Bengaluru,28.0,18.6,23.4,0.2,76,11.9
20220818,Bengaluru,28.3,19.3,23.3,0.9,78,16.9
20220819,Bengaluru,27.6,19.9,23.0,0.3,80,19.2
20220820,Bengaluru,27.1,19.1,22.9,0.3,78,16.9
20220821,Bengaluru,26.0,19.3,22.2,3.6,85,17.6
20220822,Bengaluru,27.3,19.4,22.1,4.4,84,23.5
20220823,Bengaluru,27.5,19.3,22.1,3.2,84,20.6
20220824,Bengaluru,25.8,19.2,21.3,8.0,87,19.0
20220825,Bengaluru,26.7,19.2,21.7,9.3,87,18.0
20220826,Bengaluru,26.1,19.1,21.8,20.2,87,16.4
20220827,Bengaluru,27.4,19.4,21.7,16.7,88,17.0
20220828,Bengaluru,27.0,19.3,22.1,4.2,86,16.3
20220829,Bengaluru,27.2,19.2,22.1,17.3,87,10.7
20220830,Bengaluru,28.0,19.3,22.7,9.3,85,14.7
20220831,Bengaluru,27.5,19.5,22.3,5.2,86,20.1
20220901,Bengaluru,27.1,19.5,21.9,12.5,89,14.4
20220902,Bengaluru,27.6,19.1,22.7,1.4,82,12.1
20220903,Bengaluru,27.9,19.0,23.0,1.6,83,8.6
20220904,Bengaluru,28.5,19.0,23.1,11.8,84,11.9
20220905,Bengaluru,28.7,19.3,22.6,5.8,86,12.4
20220906,Bengaluru,27.6,18.3,22.0,12.7,88,11.0
20220907,Bengaluru,26.3,19.8,21.8,8.1,90,16.6
20220908,Bengaluru,23.5,19.6,21.1,7.3,92,18.9
20220909,Bengaluru,26.2,19.4,22.0,3.0,87,22.6
20220910,Bengaluru,26.7,19.9,21.9,8.9,88,23.5
20220911,Bengaluru,26.9,19.5,22.5,2.6,82,30.4
20220912,Bengaluru,27.0,19.5,22.5,0.8,79,31.1
20220913,Bengaluru,27.0,18.6,22.2,1.2,84,22.4
20220914,Bengaluru,27.1,19.4,22.1,1.2,86,19.2
20220915,Bengaluru,26.4,18.7,22.0,0.8,84,18.7
20220916,Bengaluru,27.5,18.3,22.3,0.1,81,17.9
20220917,Bengaluru,27.2,18.6,22.4,0.4,82,14.4
20220918,Bengaluru,27.2,18.5,22.6,0.4,79,14.8
20220919,Bengaluru,27.4,18.9,22.1,0.4,81,20.9
20220920,Bengaluru,27.3,17.5,21.7,0.1,80,21.0
20220921,Bengaluru,27.0,17.9,21.9,0.9,79,17.8
20220922,Bengaluru,27.5,18.3,21.9,0.0,75,20.5
20220923,Bengaluru,27.1,17.5,22.0,0.4,75,16.9
20220924,Bengaluru,28.0,18.2,22.3,1.6,78,17.9
20220925,Bengaluru,27.8,18.3,22.6,0.6,75,14.5
20220926,Bengaluru,26.4,19.4,22.3,3.0,79,16.3
20220927,Bengaluru,27.6,19.9,23.0,1.2,77,16.4
20220928,Bengaluru,27.9,19.9,23.5,0.3,72,14.3
20220929,Bengaluru,27.9,18.8,22.8,0.0,75,17.1
20220930,Bengaluru,24.9,18.7,21.2,8.1,86,19.7
20221001,Bengaluru,22.9,19.5,20.6,6.0,91,17.9
20221002,Bengaluru,26.9,19.5,22.0,0.9,84,20.4
20221003,Bengaluru,26.8,18.6,22.4,0.7,80,19.2
20221004,Bengaluru,26.8,18.5,22.3,0.2,79,19.0
20221005,Bengaluru,27.3,19.0,22.6,1.2,80,17.9
20221006,Bengaluru,25.7,19.1,21.5,5.5,85,16.8
20221007,Bengaluru,26.8,17.7,21.8,1.1,78,14.5
20221008,Bengaluru,27.0,16.5,22.1,0.1,75,11.3
20221009,Bengaluru,26.1,18.8,21.6,15.9,88,13.8
20221010,Bengaluru,26.8,19.3,21.9,9.7,87,9.4
20221011,Bengaluru,25.9,19.7,22.1,6.5,87,13.9
20221012,Bengaluru,26.1,18.8,21.4,23.6,89,10.8
20221013,Bengaluru,26.4,18.7,21.8,21.9,86,9.8
20221014,Bengaluru,26.5,19.0,21.9,8.2,86,10.3
20221015,Bengaluru,27.4,18.8,22.3,7.8,84,13.8
20221016,Bengaluru,26.6,18.9,22.0,17.1,87,13.8
20221017,Bengaluru,27.3,19.5,22.3,2.7,86,16.2
20221018,Bengaluru,26.4,19.0,21.9,2.9,86,9.7
20221019,Bengaluru,27.2,18.2,21.9,6.5,85,7.2
20221020,Bengaluru,26.9,18.2,21.6,10.7,87,15.3
20221021,Bengaluru,27.1,18.1,21.6,2.7,86,18.9
20221022,Bengaluru,26.8,17.5,21.5,0.0,79,16.8
20221023,Bengaluru,25.7,16.1,20.4,0.0,73,13.6
20221024,Bengaluru,25.0,14.9,19.5,0.0,64,15.7
20221025,Bengaluru,25.1,13.8,19.7,0.0,60,10.7
20221026,Bengaluru,25.6,14.6,20.1,0.0,66,10.3
20221027,Bengaluru,27.1,15.4,20.7,0.0,62,12.4
20221028,Bengaluru,25.9,17.2,20.9,0.3,79,15.5
20221029,Bengaluru,26.0,18.1,21.6,1.0,81,19.0
20221030,Bengaluru,25.9,18.4,21.4,1.5,84,17.6
20221031,Bengaluru,26.4,17.7,21.3,0.0,74,16.5
20221101,Bengaluru,24.6,17.1,20.1,14.0,88,16.4
20221102,Bengaluru,23.7,17.5,19.8,9.9,91,19.4
20221103,Bengaluru,25.2,18.6,21.3,0.3,83,19.1
20221104,Bengaluru,26.7,18.9,21.9,1.3,81,20.0
20221105,Bengaluru,26.9,19.0,21.9,0.5,80,18.7
20221106,Bengaluru,26.2,17.8,21.4,0.4,80,18.5
20221107,Bengaluru,26.3,17.2,21.0,0.0,71,15.2
20221108,Bengaluru,27.1,17.1,21.4,0.0,73,15.9
20221109,Bengaluru,26.9,16.3,21.0,0.0,67,13.9
20221110,Bengaluru,27.2,16.6,21.2,0.3,75,17.7
20221111,Bengaluru,21.9,18.0,19.4,20.5,87,23.9
20221112,Bengaluru,23.1,18.6,20.5,3.0,88,26.8
20221113,Bengaluru,24.5,18.7,21.0,2.0,89,23.6
20221114,Bengaluru,26.6,18.4,21.4,1.5,83,16.3
20221115,Bengaluru,25.9,18.3,21.4,1.5,82,12.6
20221116,Bengaluru,26.8,18.0,21.7,0.0,75,11.2
20221117,Bengaluru,25.9,14.8,19.9,0.0,66,13.0
20221118,Bengaluru,25.8,13.4,19.1,0.0,57,14.3
20221119,Bengaluru,25.4,13.1,18.9,0.0,63,16.8
20221120,Bengaluru,24.7,13.0,18.6,0.0,68,13.4
20221121,Bengaluru,25.0,13.8,19.3,0.1,63,13.8
20221122,Bengaluru,24.7,16.7,20.0,1.8,84,15.6
20221123,Bengaluru,24.1,18.4,20.4,8.3,91,8.3
20221124,Bengaluru,26.4,19.2,21.2,3.7,89,16.4
20221125,Bengaluru,26.7,18.2,21.7,0.4,81,15.3
20221126,Bengaluru,27.3,18.0,21.6,0.0,79,11.5
20221127,Bengaluru,26.8,18.6,22.1,0.8,79,11.5
20221128,Bengaluru,27.3,18.8,22.3,0.9,77,9.1
20221129,Bengaluru,27.3,18.2,22.0,0.1,72,12.6
20221130,Bengaluru,26.1,15.8,20.1,0.0,71,12.3
20221201,Bengaluru,26.4,16.6,21.0,0.7,82,17.7
20221202,Bengaluru,26.9,19.0,22.3,0.0,77,14.2
20221203,Bengaluru,27.3,18.4,22.2,0.3,79,17.7
20221204,Bengaluru,27.7,19.2,22.6,0.0,73,17.2
20221205,Bengaluru,27.2,17.1,21.7,0.0,76,20.8
20221206,Bengaluru,27.1,17.9,21.9,0.0,72,14.4
20221207,Bengaluru,27.1,16.5,20.5,0.0,64,16.5
20221208,Bengaluru,25.7,16.0,20.6,0.2,58,18.4
20221209,Bengaluru,20.5,15.8,18.0,3.4,69,21.6
20221210,Bengaluru,18.5,16.6,17.7,32.5,96,25.8
20221211,Bengaluru,21.9,17.9,19.5,4.5,88,14.8
20221212,Bengaluru,23.9,18.4,20.6,4.0,90,17.8
20221213,Bengaluru,24.6,18.9,20.7,7.0,89,20.3
20221214,Bengaluru,25.1,17.8,20.6,0.1,82,21.3
20221215,Bengaluru,25.7,15.8,20.0,0.0,71,14.8
20221216,Bengaluru,26.0,15.2,19.8,0.0,64,16.6
20221217,Bengaluru,26.2,15.3,20.1,0.0,73,18.8
20221218,Bengaluru,26.0,16.6,20.6,0.0,81,21.0
20221219,Bengaluru,24.7,16.6,19.9,0.1,75,17.1
20221220,Bengaluru,26.4,14.9,19.8,0.0,74,16.4
20221221,Bengaluru,25.8,14.9,19.3,0.0,68,16.2
20221222,Bengaluru,25.8,14.3,19.2,0.0,68,19.2
20221223,Bengaluru,26.4,13.3,19.3,0.0,69,14.5
20221224,Bengaluru,26.7,12.9,19.3,0.0,65,15.3
20221225,Bengaluru,25.5,16.1,20.2,1.5,87,21.2
20221226,Bengaluru,26.4,19.1,21.6,0.8,84,19.6
20221227,Bengaluru,26.7,18.8,21.7,1.4,83,19.7
20221228,Bengaluru,27.0,18.5,22.0,0.0,78,14.2
20221229,Bengaluru,27.4,16.6,21.0,0.0,72,14.1
20221230,Bengaluru,27.2,15.8,20.7,0.0,68,13.9
20221231,Bengaluru,27.2,14.8,20.3,0.0,64,10.4
20230101,Bengaluru,27.5,14.9,20.7,0.0,63,16.0
20230102,Bengaluru,26.7,15.5,20.5,0.0,64,16.2
20230103,Bengaluru,26.5,14.9,20.0,0.0,70,14.1
20230104,Bengaluru,26.4,16.0,20.4,0.0,71,17.0
20230105,Bengaluru,25.1,15.8,20.0,0.1,75,20.4
20230106,Bengaluru,26.8,15.0,19.8,0.0,73,22.9
20230107,Bengaluru,26.6,15.3,20.3,0.0,69,18.1
20230108,Bengaluru,26.7,15.8,20.3,0.0,68,15.0
20230109,Bengaluru,26.1,14.5,19.0,0.0,59,14.4
20230110,Bengaluru,26.6,12.7,18.4,0.0,64,17.1
20230111,Bengaluru,27.2,11.9,18.7,0.0,60,14.7
20230112,Bengaluru,28.2,12.8,19.7,0.0,56,13.5
20230113,Bengaluru,28.4,12.3,19.7,0.0,57,14.1
20230114,Bengaluru,29.0,13.4,19.9,0.0,55,13.9
20230115,Bengaluru,28.4,12.0,19.7,0.0,54,14.2
20230116,Bengaluru,29.0,12.5,20.1,0.0,59,17.0
20230117,Bengaluru,28.6,14.1,20.0,0.0,61,16.0
20230118,Bengaluru,27.5,13.5,19.3,0.0,66,14.8
20230119,Bengaluru,27.1,13.7,19.4,0.0,62,14.2
20230120,Bengaluru,26.5,13.5,19.4,0.0,71,16.7
20230121,Bengaluru,26.6,16.6,21.0,0.0,67,16.6
20230122,Bengaluru,26.7,14.7,20.2,0.0,63,17.9
20230123,Bengaluru,27.4,14.9,20.4,0.0,72,16.6
20230124,Bengaluru,27.9,17.9,21.9,0.0,69,17.6
20230125,Bengaluru,27.8,16.1,20.7,0.0,64,16.7
20230126,Bengaluru,27.8,15.0,20.4,0.0,65,16.5
20230127,Bengaluru,28.3,15.3,20.7,0.0,64,14.4
20230128,Bengaluru,27.9,13.9,20.1,0.0,57,16.6
20230129,Bengaluru,27.7,13.5,20.5,0.0,60,22.8
20230130,Bengaluru,27.2,17.0,21.4,2.3,76,15.0
20230131,Bengaluru,29.1,17.5,22.1,0.0,64,19.7
20230201,Bengaluru,28.4,15.7,21.7,0.0,57,20.5
20230202,Bengaluru,29.0,17.3,22.2,0.0,52,26.0
20230203,Bengaluru,26.6,16.4,21.5,0.0,60,23.2
20230204,Bengaluru,29.2,17.0,22.5,0.0,56,20.6
20230205,Bengaluru,30.1,16.5,22.7,0.0,51,16.4
20230206,Bengaluru,29.4,15.9,22.1,0.0,50,15.5
20230207,Bengaluru,29.7,16.0,22.5,0.0,58,10.5
20230208,Bengaluru,30.9,17.0,23.4,0.0,54,15.9
20230209,Bengaluru,30.3,16.9,23.0,0.0,53,15.9
20230210,Bengaluru,30.2,16.3,22.7,0.0,49,18.2
20230211,Bengaluru,30.3,14.8,22.4,0.0,45,15.6
20230212,Bengaluru,31.0,16.1,23.0,0.0,44,17.7
20230213,Bengaluru,30.5,16.4,23.0,0.0,41,21.1
20230214,Bengaluru,30.5,15.6,22.5,0.0,41,14.0
20230215,Bengaluru,30.6,14.7,22.5,0.0,42,16.9
20230216,Bengaluru,30.5,15.7,22.8,0.0,43,19.5
20230217,Bengaluru,30.4,15.5,22.6,0.0,46,18.1
20230218,Bengaluru,30.2,14.8,22.6,0.0,46,13.9
20230219,Bengaluru,29.9,15.4,22.5,0.0,54,13.8
20230220,Bengaluru,30.0,16.4,22.9,0.0,53,14.5
20230221,Bengaluru,31.1,16.9,23.4,0.0,42,16.6
20230222,Bengaluru,31.1,16.7,23.5,0.0,42,15.7
20230223,Bengaluru,31.0,15.1,22.6,0.0,40,20.3
20230224,Bengaluru,31.4,14.2,22.5,0.0,41,16.9
20230225,Bengaluru,31.7,15.4,23.5,0.0,38,21.1
20230226,Bengaluru,30.5,16.4,23.1,0.0,33,21.3
20230227,Bengaluru,29.9,13.9,21.7,0.0,40,21.0
20230228,Bengaluru,30.7,14.2,22.1,0.0,48,22.0
20230301,Bengaluru,30.0,18.2,23.5,0.0,55,20.4
20230302,Bengaluru,30.1,15.2,22.6,0.0,42,24.2
20230303,Bengaluru,31.0,15.0,22.8,0.0,30,26.8
20230304,Bengaluru,31.0,16.2,23.5,0.0,27,25.9
20230305,Bengaluru,31.3,17.2,23.9,0.0,31,21.1
20230306,Bengaluru,31.2,16.8,23.8,0.0,32,23.1
20230307,Bengaluru,31.0,16.1,23.5,0.0,34,23.4
20230308,Bengaluru,30.8,16.2,23.6,0.0,43,22.1
20230309,Bengaluru,30.5,16.0,23.3,0.0,39,20.2
20230310,Bengaluru,30.4,16.5,23.1,0.0,44,19.8
20230311,Bengaluru,31.4,15.7,23.6,0.0,41,22.1
20230312,Bengaluru,31.2,15.3,23.4,0.0,53,19.2
20230313,Bengaluru,31.8,17.5,24.7,0.0,50,16.6
20230314,Bengaluru,32.7,18.0,25.5,0.0,42,18.5
20230315,Bengaluru,32.6,18.3,25.5,0.0,48,17.1
20230316,Bengaluru,30.7,20.0,24.4,1.2,67,12.6
20230317,Bengaluru,29.4,19.2,22.9,3.9,75,20.3
20230318,Bengaluru,30.0,18.9,23.1,12.4,72,16.7
20230319,Bengaluru,30.4,17.7,23.0,6.7,68,17.3
20230320,Bengaluru,31.4,17.0,23.7,0.0,53,21.6
20230321,Bengaluru,31.4,18.1,24.0,0.0,46,11.9
20230322,Bengaluru,31.7,18.1,24.9,0.0,54,10.8
20230323,Bengaluru,33.6,19.3,26.0,0.0,47,11.4
20230324,Bengaluru,33.0,19.9,26.2,0.0,56,14.1
20230325,Bengaluru,30.8,19.6,24.7,1.3,65,14.4
20230326,Bengaluru,31.0,20.7,25.8,0.4,58,10.7
20230327,Bengaluru,35.5,20.2,26.9,0.0,44,18.4
20230328,Bengaluru,34.7,20.4,27.1,0.0,47,12.9
20230329,Bengaluru,32.3,21.3,25.7,5.7,67,12.2
20230330,Bengaluru,32.2,20.9,25.7,0.6,57,18.7
20230331,Bengaluru,31.4,19.8,25.6,0.2,58,13.7
20230401,Bengaluru,29.7,21.5,25.1,1.5,59,15.0
20230402,Bengaluru,33.8,20.1,26.4,0.0,52,12.3
20230403,Bengaluru,32.9,19.7,26.1,0.0,56,15.6
20230404,Bengaluru,31.1,20.9,24.3,0.6,68,16.3
20230405,Bengaluru,32.5,19.1,26.0,0.0,53,14.0
20230406,Bengaluru,31.2,20.6,25.8,0.2,59,14.4
20230407,Bengaluru,32.1,20.3,25.9,0.0,54,16.8
20230408,Bengaluru,32.2,19.5,25.5,0.0,49,19.9
20230409,Bengaluru,32.4,18.3,25.2,0.0,50,13.6
20230410,Bengaluru,32.9,19.4,26.2,0.0,54,21.1
20230411,Bengaluru,33.6,18.8,26.3,0.0,45,14.6
20230412,Bengaluru,34.7,18.6,26.6,0.0,35,19.2
20230413,Bengaluru,35.1,18.9,27.1,0.0,33,20.5
20230414,Bengaluru,35.2,20.1,27.4,0.0,31,21.7
20230415,Bengaluru,34.0,19.7,27.0,0.0,33,18.8
20230416,Bengaluru,34.3,19.5,27.0,0.0,31,15.0
20230417,Bengaluru,34.6,19.5,27.2,0.0,34,17.1
20230418,Bengaluru,34.9,20.5,27.9,0.0,33,17.0
20230419,Bengaluru,35.5,21.0,28.1,0.0,38,15.8
20230420,Bengaluru,34.9,20.6,28.1,0.0,42,10.4
20230421,Bengaluru,33.9,21.4,27.6,0.0,50,8.8
20230422,Bengaluru,33.4,21.1,27.5,0.0,51,10.1
20230423,Bengaluru,33.3,21.4,27.2,0.0,55,13.4
20230424,Bengaluru,33.8,21.5,27.1,0.1,57,17.6
20230425,Bengaluru,32.1,22.1,26.3,2.1,65,15.8
20230426,Bengaluru,33.2,21.1,26.2,0.8,62,14.4
20230427,Bengaluru,33.7,21.1,27.0,0.1,59,16.4
20230428,Bengaluru,32.8,21.3,26.9,0.3,59,16.6
20230429,Bengaluru,31.8,20.9,24.9,4.5,70,18.2
20230430,Bengaluru,31.9,20.3,24.8,17.8,74,11.4
20230501,Bengaluru,29.5,19.4,23.3,3.8,78,13.7
20230502,Bengaluru,29.6,20.6,23.9,2.5,80,10.2
20230503,Bengaluru,27.0,19.8,22.9,5.2,82,14.6
20230504,Bengaluru,28.6,19.8,24.1,1.0,75,18.4
20230505,Bengaluru,27.7,20.0,23.5,0.7,77,11.4
20230506,Bengaluru,29.8,20.4,23.8,8.7,77,11.5
20230507,Bengaluru,26.1,20.1,23.1,4.1,84,14.8
20230508,Bengaluru,29.3,21.0,23.7,19.8,83,9.6
20230509,Bengaluru,31.0,19.1,24.7,9.6,78,13.1
20230510,Bengaluru,32.0,19.4,25.7,0.0,73,11.8
20230511,Bengaluru,32.6,20.4,25.3,6.7,74,12.0
20230512,Bengaluru,31.8,20.9,26.0,0.2,69,15.1
20230513,Bengaluru,30.9,21.5,25.3,2.1,77,18.1
20230514,Bengaluru,32.4,20.5,26.2,0.0,67,19.2
20230515,Bengaluru,33.0,21.2,26.2,0.0,65,16.7
20230516,Bengaluru,33.0,19.8,26.3,0.0,62,11.9
20230517,Bengaluru,32.6,21.9,27.4,0.0,51,11.0
20230518,Bengaluru,34.2,21.5,27.8,0.1,54,12.3
20230519,Bengaluru,34.2,21.7,27.7,0.0,55,19.3
20230520,Bengaluru,33.3,21.2,26.6,0.1,66,14.0
20230521,Bengaluru,31.6,21.8,24.7,7.3,77,13.1
20230522,Bengaluru,31.6,20.4,24.9,1.6,75,11.4
20230523,Bengaluru,32.4,19.8,25.6,1.0,70,11.3
20230524,Bengaluru,31.8,21.1,25.3,6.6,74,14.5
20230525,Bengaluru,31.3,20.9,25.2,1.4,74,18.2
20230526,Bengaluru,31.3,20.8,25.2,0.0,73,15.9
20230527,Bengaluru,31.4,20.5,25.5,0.5,72,12.9
20230528,Bengaluru,32.3,21.1,26.4,0.0,65,11.5
20230529,Bengaluru,32.6,21.4,26.6,1.8,63,13.6
20230530,Bengaluru,30.0,21.5,24.1,36.6,81,16.5
20230531,Bengaluru,30.6,21.2,24.5,20.3,79,9.9
20230601,Bengaluru,31.0,20.7,25.1,3.1,77,10.9
20230602,Bengaluru,30.3,20.8,25.1,0.0,75,18.3
20230603,Bengaluru,31.6,20.9,25.8,0.4,72,16.9
20230604,Bengaluru,30.0,21.2,25.1,0.0,76,18.4
20230605,Bengaluru,30.8,21.0,25.6,0.1,70,16.7
20230606,Bengaluru,31.3,21.3,26.1,0.3,68,19.1
20230607,Bengaluru,31.6,21.2,26.1,0.0,70,16.5
20230608,Bengaluru,31.6,20.6,26.0,0.0,68,17.3
20230609,Bengaluru,31.4,20.3,25.0,5.5,73,20.3
20230610,Bengaluru,30.8,20.1,24.6,0.7,74,25.9
20230611,Bengaluru,30.8,20.6,24.9,0.2,73,23.1
20230612,Bengaluru,30.5,20.3,24.6,13.0,77,19.0
20230613,Bengaluru,30.8,20.1,24.5,1.8,76,19.1
20230614,Bengaluru,30.7,20.0,24.7,1.1,73,21.0
20230615,Bengaluru,31.6,19.9,25.5,0.0,68,17.7
20230616,Bengaluru,32.0,20.8,26.0,0.0,65,19.5
20230617,Bengaluru,31.4,19.9,25.2,0.2,69,17.8
20230618,Bengaluru,30.8,21.2,24.8,1.0,73,22.2
20230619,Bengaluru,28.4,20.5,24.1,2.4,78,18.1
20230620,Bengaluru,26.3,21.4,22.8,18.5,89,14.8
20230621,Bengaluru,29.4,20.3,23.9,13.6,83,12.5
20230622,Bengaluru,29.1,20.8,23.6,3.7,81,17.9
20230623,Bengaluru,28.9,20.3,23.7,0.5,80,18.6
20230624,Bengaluru,28.1,20.3,23.4,3.6,80,23.4
20230625,Bengaluru,29.1,19.3,23.4,0.9,80,19.8
20230626,Bengaluru,28.7,20.2,23.6,0.2,76,22.0
20230627,Bengaluru,28.8,19.4,23.2,2.3,80,23.7
20230628,Bengaluru,28.9,19.8,23.7,2.4,77,23.7
20230629,Bengaluru,28.7,19.5,23.4,9.1,78,27.0
20230630,Bengaluru,29.8,20.1,24.2,1.7,74,24.6
20230701,Bengaluru,29.3,19.8,24.5,0.7,73,19.4
20230702,Bengaluru,28.9,20.5,23.8,4.7,78,22.0
20230703,Bengaluru,28.9,20.3,23.2,8.3,82,23.6
20230704,Bengaluru,26.4,20.0,22.1,14.9,88,26.8
20230705,Bengaluru,26.5,20.1,21.8,12.3,89,31.5
20230706,Bengaluru,25.2,19.6,21.3,15.3,90,26.9
20230707,Bengaluru,26.7,19.4,22.4,4.9,85,28.0
20230708,Bengaluru,26.9,19.9,22.3,1.8,84,24.7
20230709,Bengaluru,27.9,20.1,22.9,4.6,83,20.5
20230710,Bengaluru,26.4,19.6,22.6,4.3,86,18.7
20230711,Bengaluru,26.0,20.0,22.4,0.7,86,18.4
20230712,Bengaluru,28.0,19.4,23.0,1.7,84,17.6
20230713,Bengaluru,25.4,19.6,21.9,6.2,89,21.1
20230714,Bengaluru,27.5,19.8,22.7,2.4,84,22.7
20230715,Bengaluru,28.1,19.3,23.2,0.6,81,23.6
20230716,Bengaluru,27.7,19.6,23.3,1.3,81,18.6
20230717,Bengaluru,27.5,19.5,23.2,2.5,79,23.2
20230718,Bengaluru,27.9,20.4,23.6,0.8,75,31.0
20230719,Bengaluru,26.6,20.4,22.8,1.1,76,32.4
20230720,Bengaluru,27.2,20.4,23.1,1.6,75,39.3
20230721,Bengaluru,27.6,20.1,23.1,2.3,77,34.6
20230722,Bengaluru,25.6,20.6,22.4,8.4,83,31.4
20230723,Bengaluru,26.0,20.3,22.1,9.7,87,31.4
20230724,Bengaluru,25.7,19.8,21.6,12.7,88,30.0
20230725,Bengaluru,23.4,19.8,21.2,13.5,92,25.8
20230726,Bengaluru,23.2,19.3,20.8,19.3,92,25.6
20230727,Bengaluru,27.1,19.6,22.3,2.3,81,28.2
20230728,Bengaluru,28.2,19.0,22.8,1.5,77,29.3
20230729,Bengaluru,27.8,19.5,22.9,1.0,77,28.2
20230730,Bengaluru,28.0,18.6,23.0,0.7,77,26.8
20230731,Bengaluru,28.7,19.4,23.4,1.3,79,23.5
20230801,Bengaluru,28.2,19.7,23.5,0.4,76,27.2
20230802,Bengaluru,28.0,19.5,23.3,0.0,73,29.5
20230803,Bengaluru,28.0,19.6,23.5,1.0,74,28.8
20230804,Bengaluru,28.6,19.1,23.2,1.1,78,26.7
20230805,Bengaluru,28.7,19.4,23.6,1.2,77,23.5
20230806,Bengaluru,28.8,19.4,24.0,0.3,76,17.1
20230807,Bengaluru,29.0,19.5,23.8,0.9,76,18.5
20230808,Bengaluru,28.9,19.2,23.4,0.6,77,17.5
20230809,Bengaluru,29.1,19.2,23.8,1.1,77,15.0
20230810,Bengaluru,28.7,19.9,24.0,0.5,77,13.7
20230811,Bengaluru,28.4,20.3,24.3,0.6,74,15.0
20230812,Bengaluru,29.7,20.1,24.6,0.3,71,18.2
20230813,Bengaluru,29.3,19.6,24.3,0.1,70,15.8
20230814,Bengaluru,29.2,20.6,24.5,0.4,70,15.0
20230815,Bengaluru,29.4,19.0,24.1,0.5,67,14.5
20230816,Bengaluru,30.8,19.1,24.7,0.0,66,15.5
20230817,Bengaluru,30.7,20.1,24.7,0.6,69,20.6
20230818,Bengaluru,30.1,19.8,24.3,1.1,68,23.0
20230819,Bengaluru,28.9,19.9,23.0,7.3,79,25.2
20230820,Bengaluru,30.0,19.4,24.2,0.8,71,19.3
20230821,Bengaluru,30.5,19.4,24.7,0.0,69,15.8
20230822,Bengaluru,30.7,20.3,24.9,0.8,71,12.1
20230823,Bengaluru,30.6,20.5,25.1,0.0,67,11.7
20230824,Bengaluru,30.5,20.0,24.8,0.0,64,13.4
20230825,Bengaluru,31.0,19.7,24.9,0.0,64,13.9
20230826,Bengaluru,31.0,19.9,24.5,3.8,75,16.2
20230827,Bengaluru,30.6,20.5,25.0,0.1,71,11.9
20230828,Bengaluru,31.4,20.5,25.6,0.0,62,15.2
20230829,Bengaluru,31.0,20.8,25.4,0.7,66,16.1
20230830,Bengaluru,31.4,19.9,24.9,12.5,70,15.5
20230831,Bengaluru,28.8,19.9,23.9,8.8,80,10.4
20230901,Bengaluru,30.2,20.0,24.3,9.2,79,13.7
20230902,Bengaluru,29.2,20.2,23.4,11.8,84,19.6
20230903,Bengaluru,28.3,20.0,23.7,0.0,73,15.8
20230904,Bengaluru,26.9,20.3,22.8,1.2,76,26.6
20230905,Bengaluru,25.8,19.5,22.1,1.5,78,20.2
20230906,Bengaluru,28.2,20.4,23.2,1.3,81,19.9
20230907,Bengaluru,28.7,20.4,23.3,4.7,81,19.5
20230908,Bengaluru,28.1,20.2,23.4,2.1,80,23.9
20230909,Bengaluru,29.0,19.7,23.6,1.1,79,21.7
20230910,Bengaluru,28.6,19.5,23.7,2.0,75,23.4
20230911,Bengaluru,27.6,19.6,23.4,1.6,78,20.4
20230912,Bengaluru,28.8,20.0,23.6,2.5,76,22.5
20230913,Bengaluru,28.9,19.2,23.0,4.1,80,21.7
20230914,Bengaluru,28.8,19.1,22.9,0.6,81,19.9
20230915,Bengaluru,28.8,19.7,23.1,3.5,82,22.3
20230916,Bengaluru,28.6,20.0,23.5,5.8,79,25.4
20230917,Bengaluru,26.8,19.9,22.5,7.5,85,18.8
20230918,Bengaluru,28.8,19.5,22.8,4.8,84,25.8
20230919,Bengaluru,28.7,19.7,23.4,1.0,78,17.3
20230920,Bengaluru,28.7,19.1,23.3,0.3,80,17.8
20230921,Bengaluru,27.0,19.6,23.2,0.2,83,11.7
20230922,Bengaluru,28.6,19.6,23.2,6.2,84,16.3
20230923,Bengaluru,29.0,19.9,23.6,6.5,82,12.8
20230924,Bengaluru,27.1,19.9,23.0,7.5,83,18.4
20230925,Bengaluru,26.9,19.5,22.8,1.1,84,19.6
20230926,Bengaluru,28.4,19.5,23.3,1.8,81,14.9
20230927,Bengaluru,27.9,19.7,23.0,11.5,82,18.4
20230928,Bengaluru,27.1,19.0,21.9,9.4,88,19.7
20230929,Bengaluru,27.5,19.8,22.4,5.7,85,24.0
20230930,Bengaluru,28.2,19.5,23.0,2.7,83,25.7
20231001,Bengaluru,27.5,20.3,23.0,1.1,81,26.6
20231002,Bengaluru,28.1,19.8,23.5,0.3,76,23.1
20231003,Bengaluru,28.2,19.1,23.2,0.1,77,13.6
20231004,Bengaluru,28.2,19.0,23.5,0.4,76,10.3
20231005,Bengaluru,27.5,19.7,23.6,2.2,76,13.0
20231006,Bengaluru,29.5,20.2,24.5,1.5,71,9.7
20231007,Bengaluru,29.3,20.0,24.2,0.8,76,11.2
20231008,Bengaluru,29.7,20.2,23.9,14.4,80,12.0
20231009,Bengaluru,27.8,19.2,22.8,19.3,87,12.2
20231010,Bengaluru,28.7,19.5,23.3,1.9,83,9.2
20231011,Bengaluru,29.2,19.8,24.0,1.0,76,10.0
20231012,Bengaluru,30.0,19.9,24.1,0.3,69,13.7
20231013,Bengaluru,29.4,18.5,23.4,0.0,60,14.5
20231014,Bengaluru,29.2,18.4,23.7,0.0,69,12.6
20231015,Bengaluru,30.7,19.2,24.2,0.0,68,14.4
20231016,Bengaluru,30.0,20.8,24.3,0.4,73,19.1
20231017,Bengaluru,30.0,20.5,24.5,0.3,70,15.5
20231018,Bengaluru,30.4,19.1,24.3,0.0,59,16.7
20231019,Bengaluru,30.8,17.6,24.1,0.0,59,16.9
20231020,Bengaluru,31.1,18.9,24.7,0.0,60,17.4
20231021,Bengaluru,31.4,19.8,25.0,0.0,62,20.0
20231022,Bengaluru,31.6,19.1,24.9,0.0,58,13.8
20231023,Bengaluru,30.4,18.3,23.9,0.0,44,13.7
20231024,Bengaluru,29.9,17.0,23.5,0.0,38,11.5
20231025,Bengaluru,30.0,17.1,23.5,0.0,48,14.5
20231026,Bengaluru,30.0,16.5,23.7,0.0,50,13.8
20231027,Bengaluru,30.7,18.6,24.4,0.0,59,15.4
20231028,Bengaluru,30.9,20.3,25.0,0.0,66,15.9
20231029,Bengaluru,29.5,20.2,23.4,6.1,78,17.0
20231030,Bengaluru,28.7,19.5,23.3,4.1,78,18.5
20231031,Bengaluru,28.8,19.5,22.9,1.4,78,16.9
20231101,Bengaluru,29.4,18.9,23.5,1.3,73,13.7
20231102,Bengaluru,29.6,18.4,23.2,0.6,78,17.8
20231103,Bengaluru,30.0,20.7,23.6,2.0,78,17.8
20231104,Bengaluru,28.0,19.6,22.6,4.8,84,19.0
20231105,Bengaluru,27.8,19.3,22.2,22.6,85,13.1
20231106,Bengaluru,27.8,19.0,22.4,26.6,85,9.4
20231107,Bengaluru,27.1,18.9,22.0,9.2,87,16.3
20231108,Bengaluru,27.4,20.1,22.4,13.2,85,13.6
20231109,Bengaluru,27.2,19.6,22.2,6.4,84,17.3
20231110,Bengaluru,27.3,19.6,22.8,0.9,79,18.4
20231111,Bengaluru,28.1,16.9,21.9,0.0,67,18.5
20231112,Bengaluru,27.6,15.9,21.3,0.0,69,21.3
20231113,Bengaluru,27.2,16.0,21.5,0.0,69,21.4
20231114,Bengaluru,24.1,18.0,20.8,0.7,78,19.1
20231115,Bengaluru,27.4,18.2,22.0,1.0,76,15.6
20231116,Bengaluru,28.8,18.4,23.3,0.0,66,15.0
20231117,Bengaluru,29.7,19.0,23.4,0.0,72,15.7
20231118,Bengaluru,29.4,18.9,23.6,0.0,70,16.2
20231119,Bengaluru,29.2,17.3,22.7,0.0,67,19.4
20231120,Bengaluru,28.7,17.4,22.3,0.1,74,18.9
20231121,Bengaluru,28.4,19.0,22.7,3.5,80,19.7
20231122,Bengaluru,28.2,19.8,23.0,1.7,83,14.0
20231123,Bengaluru,27.1,19.6,22.1,5.4,85,16.7
20231124,Bengaluru,27.2,19.5,22.2,3.7,83,18.5
20231125,Bengaluru,27.5,19.5,22.5,1.5,80,22.0
20231126,Bengaluru,26.8,18.7,22.0,0.6,79,23.8
20231127,Bengaluru,26.5,19.4,22.3,1.9,80,19.3
20231128,Bengaluru,27.7,19.4,22.6,0.7,78,16.3
20231129,Bengaluru,28.2,19.7,22.5,0.5,78,19.8
20231130,Bengaluru,27.9,18.5,22.4,0.2,79,19.9
20231201,Bengaluru,28.0,19.3,22.2,2.9,81,17.1
20231202,Bengaluru,28.2,17.4,22.0,1.2,77,21.6
20231203,Bengaluru,26.5,19.6,22.0,2.8,82,25.6
20231204,Bengaluru,24.0,19.8,21.5,0.0,81,27.0
20231205,Bengaluru,28.5,18.5,22.8,0.0,73,18.4
20231206,Bengaluru,28.4,17.1,22.5,0.0,69,9.4
20231207,Bengaluru,28.9,18.4,23.3,0.1,74,13.9
20231208,Bengaluru,28.4,19.8,22.9,1.9,80,14.0
20231209,Bengaluru,27.1,20.0,22.8,1.9,79,14.4
20231210,Bengaluru,28.3,18.9,23.0,0.0,73,14.6
20231211,Bengaluru,27.8,18.2,22.6,0.2,73,14.9
20231212,Bengaluru,28.1,18.4,22.3,0.0,69,15.2
20231213,Bengaluru,26.6,16.3,20.8,0.0,71,16.0
20231214,Bengaluru,26.2,16.8,21.2,0.0,72,18.3
20231215,Bengaluru,28.4,16.4,21.6,0.0,76,16.3
20231216,Bengaluru,28.6,18.8,22.5,0.7,77,19.5
20231217,Bengaluru,26.5,18.3,21.5,0.2,80,21.5
20231218,Bengaluru,26.6,18.5,21.5,0.0,73,21.6
20231219,Bengaluru,27.0,17.8,21.3,0.0,71,17.9
20231220,Bengaluru,27.0,17.1,21.1,0.0,75,17.9
20231221,Bengaluru,28.5,16.9,21.8,0.0,75,14.8
20231222,Bengaluru,28.5,17.8,22.3,0.0,71,14.0
20231223,Bengaluru,28.3,16.2,20.9,0.0,67,13.8
20231224,Bengaluru,28.9,14.0,20.9,0.0,73,17.9
20231225,Bengaluru,28.5,17.5,22.0,0.0,72,20.5
20231226,Bengaluru,28.0,14.5,20.7,0.0,63,19.1
20231227,Bengaluru,28.2,14.9,20.6,0.0,66,19.9
20231228,Bengaluru,28.0,15.4,21.1,0.0,72,18.9
20231229,Bengaluru,27.9,16.6,21.4,0.0,72,20.2
20231230,Bengaluru,27.8,17.4,21.5,0.0,69,15.6
20231231,Bengaluru,27.9,16.8,21.2,0.0,71,16.4
20240101,Bengaluru,28.4,16.6,21.7,0.0,66,19.1
20240102,Bengaluru,27.6,18.2,21.9,0.0,66,18.8
20240103,Bengaluru,27.4,16.4,21.5,0.0,68,16.9
20240104,Bengaluru,25.5,18.2,21.3,2.7,74,17.7
20240105,Bengaluru,27.0,18.6,22.4,0.2,73,16.2
20240106,Bengaluru,28.7,19.3,22.8,1.2,73,17.3
20240107,Bengaluru,27.8,17.0,22.1,0.0,71,18.1
20240108,Bengaluru,23.5,18.4,20.3,2.4,88,21.2
20240109,Bengaluru,26.6,18.8,21.6,1.0,77,25.3
20240110,Bengaluru,25.0,17.2,20.9,0.0,71,19.1
20240111,Bengaluru,27.8,17.0,21.4,0.0,68,17.7
20240112,Bengaluru,27.3,15.6,20.8,0.0,67,23.4
20240113,Bengaluru,28.5,15.8,21.2,0.0,72,15.2
20240114,Bengaluru,28.4,16.9,21.7,0.0,69,16.5
20240115,Bengaluru,28.2,15.6,21.4,0.0,66,14.0
20240116,Bengaluru,28.3,15.7,21.5,0.0,65,15.5
20240117,Bengaluru,28.4,15.9,21.7,0.0,64,16.5
20240118,Bengaluru,28.9,16.6,22.2,0.0,63,14.4
20240119,Bengaluru,29.4,17.5,22.8,0.0,63,18.7
20240120,Bengaluru,29.2,16.6,22.5,0.0,64,18.1
20240121,Bengaluru,29.2,17.0,22.8,0.0,59,15.3
20240122,Bengaluru,29.2,17.0,23.0,0.0,63,18.3
20240123,Bengaluru,29.1,17.0,22.7,0.0,61,16.6
20240124,Bengaluru,29.7,17.3,23.0,0.0,66,15.4
20240125,Bengaluru,28.6,17.6,23.1,0.0,62,17.5
20240126,Bengaluru,28.3,16.9,22.0,0.0,60,19.1
20240127,Bengaluru,28.4,16.2,21.6,0.0,63,18.4
20240128,Bengaluru,28.4,16.0,21.6,0.0,66,15.7
20240129,Bengaluru,28.2,16.7,21.6,0.0,61,16.8
20240130,Bengaluru,29.2,15.1,21.7,0.0,58,15.1
20240131,Bengaluru,29.6,16.8,22.9,0.0,60,16.2
20240201,Bengaluru,30.0,18.4,23.4,0.0,60,14.9
20240202,Bengaluru,30.6,18.9,23.9,0.0,63,13.9
20240203,Bengaluru,30.4,19.4,24.3,0.0,63,19.5
20240204,Bengaluru,29.7,17.9,23.3,0.0,58,18.8
20240205,Bengaluru,30.6,16.7,23.1,0.0,54,15.4
20240206,Bengaluru,32.2,15.8,23.6,0.0,56,18.6
20240207,Bengaluru,32.6,16.8,24.4,0.0,48,18.6
20240208,Bengaluru,32.9,17.0,24.8,0.0,42,17.7
20240209,Bengaluru,32.3,17.1,24.5,0.0,51,17.5
20240210,Bengaluru,30.8,17.1,23.4,0.0,61,19.5
20240211,Bengaluru,30.5,17.4,23.2,0.0,61,18.6
20240212,Bengaluru,30.8,15.8,22.7,0.0,54,18.4
20240213,Bengaluru,30.7,16.4,23.2,0.0,60,17.3
20240214,Bengaluru,30.7,17.9,23.8,0.0,61,18.2
20240215,Bengaluru,30.8,17.0,23.5,0.0,47,18.4
20240216,Bengaluru,29.8,16.7,22.9,0.0,58,20.7
20240217,Bengaluru,31.3,17.1,24.0,0.0,45,19.3
20240218,Bengaluru,32.1,17.6,24.8,0.0,41,20.0
20240219,Bengaluru,31.0,17.3,24.3,0.0,50,19.0
20240220,Bengaluru,31.6,18.8,25.3,0.0,45,18.6
20240221,Bengaluru,32.1,19.7,25.7,0.0,54,13.1
20240222,Bengaluru,32.4,19.4,25.8,0.0,47,9.9
20240223,Bengaluru,32.7,18.5,25.6,0.0,41,12.6
20240224,Bengaluru,31.8,19.5,25.8,0.0,58,16.1
20240225,Bengaluru,32.1,20.2,25.5,0.0,58,21.4
20240226,Bengaluru,31.2,17.8,24.0,0.0,63,22.1
20240227,Bengaluru,31.1,18.0,24.2,0.0,63,19.3
20240228,Bengaluru,32.6,17.2,24.8,0.0,49,18.1
20240229,Bengaluru,32.2,16.4,24.5,0.0,40,19.9
20240301,Bengaluru,32.4,16.7,24.6,0.0,45,18.9
20240302,Bengaluru,32.5,17.6,25.1,0.0,40,18.9
20240303,Bengaluru,32.7,18.4,25.4,0.0,46,17.1
20240304,Bengaluru,34.4,18.9,26.6,0.0,46,17.4
20240305,Bengaluru,34.3,18.9,26.7,0.0,47,20.8
20240306,Bengaluru,34.5,20.0,27.1,0.0,43,20.0
20240307,Bengaluru,34.5,19.9,27.3,0.0,41,15.5
20240308,Bengaluru,33.6,20.8,26.9,0.0,47,14.8
20240309,Bengaluru,33.4,20.5,27.6,0.0,42,17.8
20240310,Bengaluru,33.3,22.3,27.5,0.0,50,22.5
20240311,Bengaluru,33.9,20.8,27.3,0.0,44,19.6
20240312,Bengaluru,34.2,20.3,27.3,0.0,46,16.8
20240313,Bengaluru,34.6,21.7,27.9,0.0,42,16.8
20240314,Bengaluru,34.1,21.7,27.9,0.0,46,15.8
20240315,Bengaluru,34.8,21.8,28.6,0.0,43,19.6
20240316,Bengaluru,35.5,22.6,28.3,0.0,45,17.8
20240317,Bengaluru,34.6,20.6,27.4,0.0,50,19.4
20240318,Bengaluru,34.8,20.0,27.2,0.0,43,15.6
20240319,Bengaluru,34.4,20.8,27.3,0.0,40,20.3
20240320,Bengaluru,35.2,20.2,27.3,0.0,44,18.8
20240321,Bengaluru,32.7,20.0,25.8,0.0,56,19.6
20240322,Bengaluru,34.1,20.0,26.8,0.0,50,18.8
20240323,Bengaluru,34.6,19.4,27.2,0.0,48,18.8
20240324,Bengaluru,35.0,19.7,27.5,0.0,36,17.2
20240325,Bengaluru,35.5,19.3,27.6,0.0,43,20.0
20240326,Bengaluru,35.5,19.9,27.5,0.0,41,19.9
20240327,Bengaluru,35.0,18.9,26.9,0.0,41,19.5
20240328,Bengaluru,35.3,19.8,27.7,0.0,47,16.3
20240329,Bengaluru,36.0,21.3,28.5,0.0,41,18.8
20240330,Bengaluru,35.7,20.7,28.2,0.0,37,20.2
20240331,Bengaluru,35.5,20.2,27.5,0.0,38,15.2
20240401,Bengaluru,36.1,20.4,28.1,0.0,48,13.5
20240402,Bengaluru,36.8,22.7,29.3,0.0,42,17.9
20240403,Bengaluru,36.7,21.7,29.0,0.0,40,18.1
20240404,Bengaluru,36.5,22.0,29.0,0.0,36,14.7
20240405,Bengaluru,37.5,22.3,29.4,0.0,33,20.0
20240406,Bengaluru,37.4,21.4,29.8,0.0,31,20.5
20240407,Bengaluru,37.1,22.4,29.6,0.0,31,17.9
20240408,Bengaluru,37.0,21.6,29.3,0.0,31,20.3
20240409,Bengaluru,35.4,21.5,28.4,0.0,38,18.2
20240410,Bengaluru,35.6,20.7,28.3,0.0,45,18.1
20240411,Bengaluru,35.7,20.6,28.5,0.0,48,22.3
20240412,Bengaluru,34.7,21.9,27.6,0.1,59,21.4
20240413,Bengaluru,35.0,21.4,27.8,0.0,54,27.1
20240414,Bengaluru,35.3,20.7,28.0,0.0,45,19.1
20240415,Bengaluru,36.0,20.7,28.4,0.0,40,20.6
20240416,Bengaluru,36.3,19.9,28.6,0.0,41,18.6
20240417,Bengaluru,37.6,22.7,29.7,0.0,37,16.0
20240418,Bengaluru,37.8,22.9,30.4,0.0,38,17.1
20240419,Bengaluru,38.1,24.1,31.0,0.0,40,16.3
20240420,Bengaluru,37.2,23.8,30.3,0.0,41,16.6
20240421,Bengaluru,37.1,22.9,30.3,0.0,41,16.8
20240422,Bengaluru,37.7,23.1,30.2,0.0,37,20.2
20240423,Bengaluru,37.3,22.2,29.8,0.0,31,18.9
20240424,Bengaluru,36.9,22.0,29.8,0.0,37,19.0
20240425,Bengaluru,37.5,22.6,30.3,0.0,32,25.3
20240426,Bengaluru,37.2,22.6,30.1,0.0,37,22.4
20240427,Bengaluru,37.7,21.4,29.9,0.0,33,18.9
20240428,Bengaluru,38.6,22.3,30.4,0.0,38,18.4
20240429,Bengaluru,38.0,24.0,30.4,0.0,39,16.9
20240430,Bengaluru,38.6,23.7,30.8,0.0,40,15.9
20240501,Bengaluru,39.5,23.2,31.5,0.0,43,14.3
20240502,Bengaluru,37.9,24.7,31.0,0.6,49,18.1
20240503,Bengaluru,37.5,24.7,29.7,0.2,55,19.4
20240504,Bengaluru,37.9,23.2,29.4,0.1,59,18.2
20240505,Bengaluru,37.7,23.2,30.1,0.0,49,17.4
20240506,Bengaluru,39.3,23.3,30.4,0.0,49,15.9
20240507,Bengaluru,35.9,23.6,29.2,0.1,55,13.6
20240508,Bengaluru,34.0,21.5,27.6,6.2,57,18.2
20240509,Bengaluru,32.8,22.6,27.3,4.5,59,16.3
20240510,Bengaluru,33.0,22.4,26.6,6.0,64,17.0
20240511,Bengaluru,34.0,21.7,27.4,0.0,59,16.7
20240512,Bengaluru,31.8,22.0,26.2,5.8,70,18.1
20240513,Bengaluru,32.7,20.8,26.1,4.9,69,15.5
20240514,Bengaluru,29.2,21.6,24.9,16.2,77,10.0
20240515,Bengaluru,32.2,21.2,26.2,1.0,69,18.7
20240516,Bengaluru,27.2,21.3,24.5,2.8,77,12.8
20240517,Bengaluru,29.3,20.9,24.1,15.0,83,14.3
20240518,Bengaluru,29.3,21.1,24.1,19.5,86,17.8
20240519,Bengaluru,29.3,21.5,24.3,9.1,84,6.5
20240520,Bengaluru,27.6,21.1,23.8,25.2,86,17.9
20240521,Bengaluru,29.8,21.4,24.2,10.5,85,17.7
20240522,Bengaluru,29.8,21.2,24.9,12.9,82,19.3
20240523,Bengaluru,31.5,20.5,25.8,0.7,78,15.7
20240524,Bengaluru,29.8,21.8,24.8,3.5,85,16.0
20240525,Bengaluru,29.7,22.0,25.1,0.5,75,21.9
20240526,Bengaluru,29.2,21.7,24.7,2.4,68,27.2
20240527,Bengaluru,30.6,20.7,25.5,0.0,70,23.8
20240528,Bengaluru,32.2,21.4,25.7,0.0,71,21.7
20240529,Bengaluru,32.1,20.5,26.3,0.2,69,22.3
20240530,Bengaluru,32.2,21.4,26.0,2.4,73,17.1
20240531,Bengaluru,32.2,21.6,26.5,1.2,71,17.7
20240601,Bengaluru,32.2,22.4,25.5,28.0,84,16.0
20240602,Bengaluru,30.9,22.5,25.5,10.3,80,11.8
20240603,Bengaluru,28.4,22.1,24.7,0.6,81,13.0
20240604,Bengaluru,29.4,21.3,24.6,7.1,82,13.4
20240605,Bengaluru,27.6,20.9,23.8,20.8,85,11.0
20240606,Bengaluru,28.1,21.5,23.7,8.4,88,20.7
20240607,Bengaluru,27.1,21.3,23.3,7.2,87,21.9
20240608,Bengaluru,28.8,20.7,23.8,1.9,80,22.7
20240609,Bengaluru,27.1,20.5,23.5,3.3,80,28.3
20240610,Bengaluru,27.6,20.6,23.7,2.2,79,28.4
20240611,Bengaluru,28.8,21.1,23.6,0.6,81,26.8
20240612,Bengaluru,27.7,20.7,23.0,6.9,84,24.2
20240613,Bengaluru,28.7,20.0,23.1,3.1,81,23.5
20240614,Bengaluru,28.6,20.3,23.9,0.0,75,21.1
20240615,Bengaluru,29.9,19.4,24.2,0.0,71,17.7
20240616,Bengaluru,29.3,19.6,23.9,1.0,77,20.6
20240617,Bengaluru,29.8,20.3,24.1,0.6,78,17.2
20240618,Bengaluru,29.2,20.3,23.8,4.4,81,22.2
20240619,Bengaluru,29.2,20.2,23.4,5.4,84,19.4
20240620,Bengaluru,28.3,20.4,23.5,0.6,79,22.4
20240621,Bengaluru,28.8,19.7,23.1,3.3,81,23.0
20240622,Bengaluru,28.0,20.1,23.7,1.9,78,20.7
20240623,Bengaluru,28.3,20.2,23.8,1.6,77,22.9
20240624,Bengaluru,29.8,20.5,23.7,4.1,77,24.8
20240625,Bengaluru,27.4,20.8,23.6,1.6,81,30.0
20240626,Bengaluru,28.0,20.8,23.3,2.2,81,31.7
20240627,Bengaluru,25.7,21.0,22.5,6.1,85,32.9
20240628,Bengaluru,29.1,20.1,23.9,0.8,76,25.8
20240629,Bengaluru,29.8,19.8,23.8,1.0,78,21.4
20240630,Bengaluru,28.4,20.2,23.5,1.4,83,19.8
20240701,Bengaluru,27.6,20.5,23.0,9.0,85,22.3
20240702,Bengaluru,29.4,20.1,24.0,0.1,75,26.7
20240703,Bengaluru,29.3,20.0,23.2,10.4,83,22.2
20240704,Bengaluru,26.8,20.0,22.4,3.8,84,19.7
20240705,Bengaluru,29.8,20.2,23.2,6.9,81,20.7
20240706,Bengaluru,26.6,20.0,22.6,5.9,81,27.3
20240707,Bengaluru,28.7,20.1,23.4,1.0,78,26.9
20240708,Bengaluru,27.9,20.4,23.2,5.6,78,22.2
20240709,Bengaluru,28.7,19.7,23.3,2.9,77,23.8
20240710,Bengaluru,29.3,19.4,23.3,1.5,78,20.6
20240711,Bengaluru,26.9,20.2,23.2,3.7,81,19.1
20240712,Bengaluru,29.2,19.7,22.9,17.4,85,23.0
20240713,Bengaluru,25.8,20.5,22.7,1.2,83,27.2
20240714,Bengaluru,26.5,20.6,22.5,1.5,82,27.8
20240715,Bengaluru,26.4,20.3,21.7,16.8,90,27.2
20240716,Bengaluru,24.4,20.3,21.8,16.2,89,29.7
20240717,Bengaluru,25.8,20.0,22.1,5.2,87,30.4
20240718,Bengaluru,26.0,20.5,22.1,9.3,87,33.3
20240719,Bengaluru,22.3,20.2,21.1,14.5,93,27.5
20240720,Bengaluru,25.2,19.8,22.0,2.8,84,32.1
20240721,Bengaluru,27.2,20.5,22.9,1.1,80,33.0
20240722,Bengaluru,27.7,20.5,23.1,1.4,76,32.8
20240723,Bengaluru,27.2,20.9,23.3,2.2,78,29.9
20240724,Bengaluru,27.2,20.6,23.2,1.5,77,30.5
20240725,Bengaluru,26.9,20.6,22.9,2.3,81,36.1
20240726,Bengaluru,26.8,21.0,23.1,2.2,80,35.1
20240727,Bengaluru,27.4,20.8,23.2,0.6,74,34.7
20240728,Bengaluru,27.3,20.3,22.8,0.2,75,34.2
20240729,Bengaluru,28.4,20.6,23.3,3.7,80,30.1
20240730,Bengaluru,22.8,20.3,21.2,11.7,94,24.7
20240731,Bengaluru,26.3,20.1,22.0,10.6,88,21.8
20240801,Bengaluru,27.9,20.3,22.4,3.4,86,26.3
20240802,Bengaluru,26.8,20.3,22.6,4.3,85,25.9
20240803,Bengaluru,27.4,19.5,22.3,7.6,85,25.6
20240804,Bengaluru,28.2,19.8,23.2,2.0,81,21.7
20240805,Bengaluru,27.7,19.1,22.7,1.2,84,15.6
20240806,Bengaluru,25.4,20.1,22.2,8.6,88,15.3
20240807,Bengaluru,25.0,20.3,21.9,5.2,88,17.2
20240808,Bengaluru,27.1,19.5,22.4,16.1,85,17.4
20240809,Bengaluru,28.0,19.7,23.1,12.4,83,18.2
20240810,Bengaluru,26.6,20.3,22.8,19.2,86,16.6
20240811,Bengaluru,27.9,20.2,23.6,3.0,81,14.8
20240812,Bengaluru,28.9,20.3,24.1,2.4,79,13.7
20240813,Bengaluru,28.7,20.3,23.8,12.7,82,11.5
20240814,Bengaluru,28.5,20.3,24.5,1.5,78,11.2
20240815,Bengaluru,28.8,21.7,24.6,2.0,79,11.1
20240816,Bengaluru,28.7,20.5,23.8,13.3,84,11.6
20240817,Bengaluru,28.9,19.5,23.9,3.7,83,11.1
20240818,Bengaluru,29.0,19.2,24.1,0.1,80,7.6
20240819,Bengaluru,28.0,20.7,23.6,17.4,86,8.4
20240820,Bengaluru,28.7,19.9,23.5,19.7,85,15.1
20240821,Bengaluru,27.4,20.6,23.3,1.2,84,20.8
20240822,Bengaluru,27.4,19.6,23.1,0.4,78,26.7
20240823,Bengaluru,27.4,19.1,23.1,0.1,79,22.2
20240824,Bengaluru,27.3,19.6,22.8,3.8,81,26.1
20240825,Bengaluru,27.1,19.8,22.7,0.9,79,28.1
20240826,Bengaluru,28.2,19.4,23.0,1.2,77,27.7
20240827,Bengaluru,26.7,19.8,22.7,1.7,80,23.0
20240828,Bengaluru,26.7,19.7,22.3,1.4,82,23.4
20240829,Bengaluru,27.2,19.4,21.9,9.4,87,23.4
20240830,Bengaluru,25.9,19.8,21.8,3.9,88,20.9
20240831,Bengaluru,23.8,19.7,21.5,4.6,89,22.4
20240901,Bengaluru,27.0,20.2,22.3,5.3,84,26.6
20240902,Bengaluru,27.5,20.4,22.9,4.1,83,20.5
20240903,Bengaluru,27.7,20.0,23.1,1.4,81,23.8
20240904,Bengaluru,27.8,19.8,23.2,0.5,79,25.2
20240905,Bengaluru,27.8,19.9,23.2,0.5,79,22.1
20240906,Bengaluru,27.1,19.8,22.8,1.6,81,21.3
20240907,Bengaluru,27.6,19.7,22.5,11.9,85,21.7
20240908,Bengaluru,25.7,20.2,22.3,2.6,85,23.4
20240909,Bengaluru,28.4,20.2,22.9,6.0,81,25.7
20240910,Bengaluru,28.4,19.8,23.3,1.9,79,29.9
20240911,Bengaluru,28.8,19.5,23.4,0.7,77,22.9
20240912,Bengaluru,29.1,19.5,23.3,0.7,76,22.1
20240913,Bengaluru,28.5,18.5,23.1,0.0,74,20.8
20240914,Bengaluru,28.4,18.8,23.1,0.9,75,20.9
20240915,Bengaluru,28.5,18.4,23.3,0.6,75,18.6
20240916,Bengaluru,28.4,17.6,22.8,0.7,76,22.6
20240917,Bengaluru,28.3,18.6,23.1,0.4,77,20.4
20240918,Bengaluru,28.4,17.9,23.0,0.0,67,16.8
20240919,Bengaluru,28.9,17.4,23.0,0.6,71,18.4
20240920,Bengaluru,28.9,19.6,23.8,0.1,70,13.3
20240921,Bengaluru,29.3,19.1,24.0,0.1,70,18.6
20240922,Bengaluru,29.1,19.5,24.0,1.4,71,19.3
20240923,Bengaluru,29.4,20.1,23.5,5.3,80,20.0
20240924,Bengaluru,28.6,20.6,23.1,4.4,84,23.5
20240925,Bengaluru,28.8,20.4,23.3,2.5,80,23.4
20240926,Bengaluru,28.8,19.6,23.6,0.6,76,19.5
20240927,Bengaluru,28.8,19.4,23.4,1.5,79,16.8
20240928,Bengaluru,28.5,19.7,23.2,3.0,82,15.4
20240929,Bengaluru,28.5,20.3,24.0,5.5,78,12.1
20240930,Bengaluru,30.2,20.5,24.5,0.1,73,13.6
20241001,Bengaluru,30.6,19.8,24.8,0.4,73,10.6
20241002,Bengaluru,29.9,20.4,24.2,9.8,78,14.6
20241003,Bengaluru,28.4,20.0,23.4,4.2,82,15.5
20241004,Bengaluru,28.6,19.9,23.6,7.2,82,12.3
20241005,Bengaluru,26.9,20.1,22.4,11.3,87,14.3
20241006,Bengaluru,27.4,19.6,23.3,0.5,78,11.4
20241007,Bengaluru,28.9,19.2,23.1,0.9,77,23.5
20241008,Bengaluru,27.9,20.0,23.2,10.7,82,13.4
20241009,Bengaluru,28.1,20.3,23.3,5.2,82,14.4
20241010,Bengaluru,27.6,19.9,22.8,6.5,84,17.5
20241011,Bengaluru,27.9,19.9,22.9,4.9,84,17.3
20241012,Bengaluru,28.1,20.3,23.2,7.2,82,15.3
20241013,Bengaluru,27.9,20.4,23.3,1.8,81,19.7
20241014,Bengaluru,23.4,19.3,21.0,14.4,93,13.7
20241015,Bengaluru,23.2,19.8,21.2,31.5,92,15.9
20241016,Bengaluru,22.9,19.3,20.8,13.3,93,11.6
20241017,Bengaluru,27.0,19.8,22.8,0.8,83,14.7
20241018,Bengaluru,27.6,19.6,22.2,8.4,87,18.5
20241019,Bengaluru,24.7,18.9,21.4,8.5,90,10.1
20241020,Bengaluru,26.4,19.4,21.7,21.1,89,11.7
20241021,Bengaluru,26.8,19.7,22.2,17.8,88,10.2
20241022,Bengaluru,27.6,18.4,22.0,27.3,87,11.9
20241023,Bengaluru,27.6,19.2,22.4,20.1,86,10.4
20241024,Bengaluru,26.2,19.1,22.0,1.1,85,6.2
20241025,Bengaluru,27.0,17.4,21.9,0.0,78,8.7
20241026,Bengaluru,26.7,17.1,21.6,0.0,73,13.2
20241027,Bengaluru,26.7,15.5,21.1,0.0,75,11.0
20241028,Bengaluru,27.2,16.5,21.9,0.0,75,9.0
20241029,Bengaluru,27.7,17.5,22.5,0.4,76,9.7
20241030,Bengaluru,27.3,17.8,22.4,1.1,80,7.5
20241031,Bengaluru,27.8,18.4,22.5,4.0,83,10.0
20241101,Bengaluru,26.9,19.8,22.3,8.2,84,9.6
20241102,Bengaluru,27.7,18.8,22.1,1.2,83,19.9
20241103,Bengaluru,27.7,19.5,22.4,0.7,81,17.6
20241104,Bengaluru,27.1,19.6,22.4,1.0,79,14.8
20241105,Bengaluru,27.1,17.2,21.9,0.0,72,13.6
20241106,Bengaluru,27.8,16.3,22.2,0.1,67,16.5
20241107,Bengaluru,27.4,19.1,22.6,1.3,76,19.9
20241108,Bengaluru,29.0,18.3,22.8,0.0,72,17.2
20241109,Bengaluru,27.8,18.1,22.2,0.0,68,17.2
20241110,Bengaluru,27.0,17.5,22.0,0.4,71,16.4
20241111,Bengaluru,27.8,17.3,22.2,0.0,66,16.9
20241112,Bengaluru,27.0,19.0,22.2,0.9,75,18.4
20241113,Bengaluru,27.0,19.9,22.3,9.9,85,17.4
20241114,Bengaluru,25.7,19.9,21.9,6.0,87,16.2
20241115,Bengaluru,27.0,19.9,22.1,10.0,86,15.4
20241116,Bengaluru,26.3,19.6,22.1,3.4,86,17.2
20241117,Bengaluru,27.4,19.8,22.7,0.5,80,14.1
20241118,Bengaluru,26.9,19.0,22.3,0.1,77,14.9
20241119,Bengaluru,27.3,18.6,22.3,0.0,73,13.6
20241120,Bengaluru,28.1,17.6,22.1,0.0,71,12.4
20241121,Bengaluru,27.5,17.2,22.0,0.0,71,12.2
20241122,Bengaluru,27.9,16.4,21.9,0.0,69,12.1
20241123,Bengaluru,28.7,16.7,22.3,0.0,68,11.0
20241124,Bengaluru,29.2,17.3,22.9,0.0,66,12.4
20241125,Bengaluru,27.8,17.2,22.1,0.0,68,11.3
20241126,Bengaluru,26.2,18.1,21.7,0.0,75,18.0
20241127,Bengaluru,26.4,18.9,21.7,0.0,73,19.9
20241128,Bengaluru,26.9,17.6,21.5,0.0,62,16.6
20241129,Bengaluru,25.4,18.2,21.7,0.8,66,20.9
20241130,Bengaluru,23.6,19.1,21.0,0.3,83,20.7
20241201,Bengaluru,24.5,19.9,21.4,8.0,87,22.3
20241202,Bengaluru,23.3,20.4,21.3,35.0,94,18.0
20241203,Bengaluru,26.1,20.0,22.2,4.7,89,13.7
20241204,Bengaluru,25.9,18.8,21.9,0.0,84,15.7
20241205,Bengaluru,26.2,19.9,22.3,0.8,85,11.1
20241206,Bengaluru,26.7,19.5,22.5,0.0,81,12.1
20241207,Bengaluru,27.0,19.3,22.3,0.6,83,11.3
20241208,Bengaluru,26.8,18.5,22.1,0.0,79,10.6
20241209,Bengaluru,27.5,18.4,22.4,0.1,76,10.3
20241210,Bengaluru,27.9,18.6,22.5,0.0,75,12.4
20241211,Bengaluru,26.4,18.3,21.9,0.0,75,16.4
20241212,Bengaluru,22.0,19.0,20.2,21.2,92,15.5
20241213,Bengaluru,24.4,19.7,21.2,1.3,85,18.6
20241214,Bengaluru,26.1,17.6,21.2,0.0,78,18.2
20241215,Bengaluru,24.3,15.0,19.3,0.0,77,13.3
20241216,Bengaluru,24.9,15.1,19.3,0.0,77,11.4
20241217,Bengaluru,27.1,14.5,20.4,0.0,76,10.7
20241218,Bengaluru,25.9,17.1,21.6,0.3,78,12.3
20241219,Bengaluru,28.1,19.1,22.9,0.3,75,10.9
20241220,Bengaluru,27.9,18.8,22.9,0.1,76,12.6
20241221,Bengaluru,29.1,18.0,23.1,0.0,73,9.9
20241222,Bengaluru,28.1,17.9,22.9,0.0,74,11.5
20241223,Bengaluru,27.0,18.4,22.4,0.0,72,10.0
20241224,Bengaluru,27.2,17.6,22.4,0.0,68,11.5
20241225,Bengaluru,27.9,17.3,22.2,0.0,68,11.0
20241226,Bengaluru,26.2,18.5,22.2,3.6,81,17.5
20241227,Bengaluru,25.4,18.5,21.2,1.7,85,19.0
20241228,Bengaluru,26.2,17.5,21.2,0.0,76,15.5
20241229,Bengaluru,26.9,16.9,21.4,0.0,73,14.3
20241230,Bengaluru,25.7,16.7,21.2,0.0,75,14.4
20241231,Bengaluru,27.5,17.0,21.6,0.0,65,15.8
20250101,Bengaluru,26.6,16.0,20.9,0.0,67,14.7
20250102,Bengaluru,26.4,16.2,20.6,0.0,70,14.2
20250103,Bengaluru,25.9,16.4,20.3,0.0,69,15.9
20250104,Bengaluru,25.8,14.2,19.7,0.0,70,12.5
20250105,Bengaluru,26.5,14.9,20.2,0.0,68,11.6
20250106,Bengaluru,26.2,15.8,20.5,0.0,67,11.9
20250107,Bengaluru,27.3,15.3,21.3,0.0,61,10.2
20250108,Bengaluru,27.1,16.4,21.0,0.0,59,12.6
20250109,Bengaluru,25.9,14.6,19.8,0.0,70,16.7
20250110,Bengaluru,26.9,16.0,20.8,0.0,70,14.7
20250111,Bengaluru,27.7,17.7,21.8,0.0,73,13.7
20250112,Bengaluru,28.7,17.2,21.8,0.0,74,14.7
20250113,Bengaluru,28.2,19.0,22.5,0.8,75,14.5
20250114,Bengaluru,27.5,18.6,22.2,0.1,74,16.2
20250115,Bengaluru,25.5,16.8,20.4,0.2,73,15.7
20250116,Bengaluru,26.7,16.1,20.8,0.0,70,17.7
20250117,Bengaluru,26.7,16.2,20.8,0.0,72,14.8
20250118,Bengaluru,27.3,15.8,21.2,0.0,68,14.2
20250119,Bengaluru,22.9,18.3,20.0,6.0,83,15.6
20250120,Bengaluru,27.3,17.9,21.6,0.0,68,11.5
20250121,Bengaluru,27.8,15.7,21.0,0.0,58,11.6
20250122,Bengaluru,28.6,15.4,21.6,0.0,59,13.8
20250123,Bengaluru,29.7,16.7,22.4,0.0,63,13.0
20250124,Bengaluru,27.7,16.3,21.3,0.0,63,12.1
20250125,Bengaluru,29.0,14.9,21.4,0.0,60,13.9
20250126,Bengaluru,29.1,15.1,21.9,0.0,48,15.9
20250127,Bengaluru,28.2,15.0,21.4,0.0,54,12.0
20250128,Bengaluru,28.1,15.5,21.3,0.0,57,11.2
20250129,Bengaluru,29.4,15.2,21.9,0.0,59,12.5
20250130,Bengaluru,29.3,16.1,22.4,0.0,64,10.5
20250131,Bengaluru,30.5,18.5,24.2,0.0,62,10.9
20250201,Bengaluru,30.5,19.4,24.5,0.0,57,12.5
20250202,Bengaluru,31.0,17.5,24.0,0.0,48,12.1
20250203,Bengaluru,30.3,16.8,23.4,0.0,45,12.6
20250204,Bengaluru,30.7,17.0,23.9,0.0,40,14.3
20250205,Bengaluru,30.4,18.2,23.9,0.0,42,14.6
20250206,Bengaluru,29.7,17.4,23.4,0.0,41,13.9
20250207,Bengaluru,30.1,17.3,23.4,0.0,41,14.6
20250208,Bengaluru,29.9,17.6,23.6,0.0,46,16.1
20250209,Bengaluru,29.6,18.0,23.6,0.0,50,16.5
20250210,Bengaluru,28.9,17.1,22.8,0.0,56,13.8
20250211,Bengaluru,30.7,16.6,23.3,0.0,48,12.5
20250212,Bengaluru,31.6,17.0,24.3,0.0,36,13.3
20250213,Bengaluru,31.9,17.8,24.9,0.0,33,13.4
20250214,Bengaluru,32.1,18.4,25.4,0.0,31,11.8
20250215,Bengaluru,31.3,19.2,25.4,0.0,35,12.9
20250216,Bengaluru,31.9,18.8,25.1,0.0,39,14.0
20250217,Bengaluru,31.8,18.3,24.7,0.0,43,13.6
20250218,Bengaluru,31.7,18.3,24.9,0.0,45,14.9
20250219,Bengaluru,32.9,18.9,25.8,0.0,42,13.1
20250220,Bengaluru,32.7,19.5,25.7,0.0,46,15.3
20250221,Bengaluru,32.3,18.5,25.3,0.0,45,14.1
20250222,Bengaluru,32.2,18.5,25.5,0.0,47,16.4
20250223,Bengaluru,31.9,19.8,25.6,0.0,40,18.2
20250224,Bengaluru,30.5,19.2,24.7,0.0,39,17.2
20250225,Bengaluru,30.1,17.5,23.8,0.0,49,15.9
20250226,Bengaluru,30.7,18.6,24.3,0.0,45,17.1
20250227,Bengaluru,30.9,17.9,24.3,0.0,41,16.4
20250228,Bengaluru,31.4,17.7,24.5,0.0,46,14.8
20250301,Bengaluru,31.4,18.7,24.7,0.0,63,14.2
20250302,Bengaluru,32.2,19.6,25.8,0.0,55,14.2
20250303,Bengaluru,33.1,20.2,26.7,0.0,47,15.3
20250304,Bengaluru,33.1,21.6,27.2,0.0,36,17.5
20250305,Bengaluru,33.2,21.7,27.6,0.0,30,16.1
20250306,Bengaluru,33.3,21.9,27.5,0.0,33,15.3
20250307,Bengaluru,34.0,20.3,27.0,0.0,30,12.4
20250308,Bengaluru,34.2,19.7,26.8,0.0,32,11.2
20250309,Bengaluru,33.7,20.1,26.6,0.0,36,16.7
20250310,Bengaluru,31.6,17.8,24.5,0.0,53,16.9
20250311,Bengaluru,31.2,18.2,23.4,2.5,65,21.6
20250312,Bengaluru,30.7,20.0,24.5,2.3,70,16.7
20250313,Bengaluru,34.0,18.7,26.3,0.0,51,14.8
20250314,Bengaluru,34.4,19.7,27.4,0.0,39,15.9
20250315,Bengaluru,33.7,20.4,26.9,0.0,35,17.1
20250316,Bengaluru,33.4,19.8,26.7,0.0,46,14.9
20250317,Bengaluru,35.1,21.4,27.3,0.0,53,17.4
20250318,Bengaluru,34.8,21.4,27.9,0.0,46,15.2
20250319,Bengaluru,33.8,21.6,27.2,0.0,52,14.4
20250320,Bengaluru,33.1,20.2,26.4,0.0,54,13.2
20250321,Bengaluru,34.0,20.0,26.8,0.0,54,13.7
20250322,Bengaluru,33.2,21.5,24.7,23.8,71,18.4
20250323,Bengaluru,29.7,20.2,24.1,0.1,75,13.4
20250324,Bengaluru,30.7,19.8,24.7,0.0,68,11.9
20250325,Bengaluru,31.2,20.1,25.3,0.0,60,12.9
20250326,Bengaluru,33.6,19.6,26.5,0.0,47,12.1
20250327,Bengaluru,33.9,20.6,27.4,0.0,43,15.1
20250328,Bengaluru,35.2,21.8,28.0,0.0,40,13.0
20250329,Bengaluru,34.9,22.2,28.4,0.0,32,15.7
20250330,Bengaluru,34.4,22.0,28.0,0.0,28,17.4
20250331,Bengaluru,34.4,21.5,28.0,0.0,31,16.7
20250401,Bengaluru,33.3,19.6,26.4,0.0,50,13.9
20250402,Bengaluru,32.6,20.4,26.1,0.1,59,13.9
20250403,Bengaluru,32.7,20.6,25.3,8.0,68,11.6
20250404,Bengaluru,29.1,19.9,23.3,3.0,77,10.4
20250405,Bengaluru,31.1,19.5,24.9,0.0,69,9.8
20250406,Bengaluru,32.9,20.9,26.8,0.0,56,13.3
20250407,Bengaluru,34.8,21.0,27.7,0.0,49,16.5
20250408,Bengaluru,34.4,20.3,27.5,0.0,46,20.6
20250409,Bengaluru,33.3,20.6,27.4,0.0,43,14.2
20250410,Bengaluru,33.2,20.8,27.3,0.0,48,11.1
20250411,Bengaluru,34.1,20.7,26.3,4.7,57,13.0
20250412,Bengaluru,33.5,20.6,25.7,1.5,60,11.0
20250413,Bengaluru,32.1,21.1,26.3,0.3,55,9.0
20250414,Bengaluru,33.7,21.4,26.8,0.7,52,14.1
20250415,Bengaluru,33.6,20.7,27.3,0.0,47,12.3
20250416,Bengaluru,34.0,21.7,25.7,10.8,64,18.2
20250417,Bengaluru,33.3,21.1,27.2,0.1,56,7.6
20250418,Bengaluru,33.6,21.3,26.7,1.1,62,10.4
20250419,Bengaluru,32.9,21.0,26.8,0.0,63,9.8
20250420,Bengaluru,34.4,21.1,26.7,0.1,62,13.1
20250421,Bengaluru,34.2,20.9,27.5,0.0,55,13.7
20250422,Bengaluru,34.6,21.9,28.3,0.0,43,14.1
20250423,Bengaluru,35.5,21.7,29.0,0.0,42,12.5
20250424,Bengaluru,36.2,21.1,29.0,0.0,47,14.6
20250425,Bengaluru,35.6,21.8,28.8,0.0,50,16.3
20250426,Bengaluru,34.3,22.5,28.5,0.0,49,13.9
20250427,Bengaluru,34.3,21.9,28.0,0.0,52,14.3
20250428,Bengaluru,33.4,21.9,27.6,0.0,56,11.1
20250429,Bengaluru,34.3,22.1,28.1,0.2,52,14.4
20250430,Bengaluru,34.7,22.4,28.6,1.0,49,12.2
20250501,Bengaluru,34.6,23.1,28.3,1.3,49,10.7
20250502,Bengaluru,33.7,21.8,27.1,2.9,60,7.8
20250503,Bengaluru,34.5,21.3,26.5,9.3,62,11.1
20250504,Bengaluru,33.7,21.3,27.2,0.3,58,18.5
20250505,Bengaluru,35.3,21.8,28.1,0.0,50,10.9
20250506,Bengaluru,34.0,21.0,27.4,0.0,54,10.0
20250507,Bengaluru,33.5,20.8,27.5,0.0,48,10.7
20250508,Bengaluru,32.8,21.8,27.1,0.0,49,11.4
20250509,Bengaluru,32.4,20.8,26.8,0.1,52,9.2
20250510,Bengaluru,31.6,21.5,26.9,0.7,52,10.1
20250511,Bengaluru,32.1,21.0,26.0,8.0,62,10.9
20250512,Bengaluru,31.2,20.9,25.6,1.2,69,14.5
20250513,Bengaluru,33.5,20.7,25.1,4.7,73,17.9
20250514,Bengaluru,32.4,20.8,26.2,1.6,67,11.2
20250515,Bengaluru,33.1,21.1,25.8,1.8,70,12.8
20250516,Bengaluru,30.9,21.3,25.3,3.6,74,13.4
20250517,Bengaluru,29.4,21.1,23.6,22.6,85,12.1
20250518,Bengaluru,29.1,20.5,24.0,16.5,83,11.1
20250519,Bengaluru,28.3,21.1,23.2,14.9,88,11.1
20250520,Bengaluru,27.4,20.8,22.7,15.2,90,12.0
20250521,Bengaluru,26.5,20.5,22.8,7.9,81,18.6
20250522,Bengaluru,28.6,19.3,23.6,0.1,75,18.9
20250523,Bengaluru,28.1,20.5,23.6,3.1,81,22.2
20250524,Bengaluru,25.5,20.8,22.7,5.5,87,27.2
20250525,Bengaluru,26.9,20.3,22.7,7.6,88,29.2
20250526,Bengaluru,25.5,20.1,21.6,15.2,92,24.6
20250527,Bengaluru,26.3,20.4,22.8,3.2,83,28.8
20250528,Bengaluru,26.4,20.9,23.1,3.3,80,27.6
20250529,Bengaluru,26.0,20.7,22.4,6.4,85,24.0
20250530,Bengaluru,24.2,20.5,22.1,2.2,88,19.9
20250531,Bengaluru,29.5,21.0,24.2,0.1,76,20.4
20250601,Bengaluru,29.6,19.7,24.2,0.0,75,16.4
20250602,Bengaluru,28.9,19.5,23.7,1.5,77,20.2
20250603,Bengaluru,28.8,19.9,23.6,1.8,79,20.9
20250604,Bengaluru,29.3,19.4,24.3,0.5,73,15.1
20250605,Bengaluru,30.2,19.4,24.6,0.0,69,12.9
20250606,Bengaluru,31.6,20.0,25.8,0.2,64,13.1
20250607,Bengaluru,30.9,20.2,25.6,0.3,64,13.0
20250608,Bengaluru,31.8,20.2,25.6,2.9,66,12.4
20250609,Bengaluru,28.8,20.3,23.8,11.9,80,16.0
20250610,Bengaluru,29.8,20.1,23.8,5.0,78,17.2
20250611,Bengaluru,27.8,20.4,23.3,7.0,83,16.9
20250612,Bengaluru,27.6,20.3,22.9,2.3,82,17.7
20250613,Bengaluru,26.2,20.4,22.6,3.9,88,17.2
20250614,Bengaluru,27.0,20.0,22.5,5.7,86,21.6
20250615,Bengaluru,24.3,20.5,21.9,4.0,88,28.8
20250616,Bengaluru,25.9,20.1,22.3,8.8,85,29.9
20250617,Bengaluru,26.2,20.1,22.3,6.6,86,23.3
20250618,Bengaluru,27.7,19.9,23.2,1.0,82,20.3
20250619,Bengaluru,28.7,20.0,23.7,0.0,76,23.1
20250620,Bengaluru,28.7,19.8,23.4,0.5,78,21.5
20250621,Bengaluru,28.2,19.7,23.5,0.2,76,22.3
20250622,Bengaluru,29.0,20.1,23.0,1.5,79,24.1
20250623,Bengaluru,26.9,19.9,22.8,1.1,78,26.5
20250624,Bengaluru,27.0,20.6,23.3,0.9,75,28.9
20250625,Bengaluru,27.4,20.2,22.9,8.6,80,25.8
20250626,Bengaluru,28.0,20.6,23.3,2.6,78,25.2
20250627,Bengaluru,27.9,19.5,23.0,0.6,77,21.4
20250628,Bengaluru,29.4,20.4,23.3,5.0,76,21.6
20250629,Bengaluru,29.3,20.0,23.7,0.2,72,25.9
20250630,Bengaluru,29.4,19.2,23.7,1.0,73,24.3
20250701,Bengaluru,28.5,20.1,23.7,0.1,73,22.4
20250702,Bengaluru,28.4,20.1,22.8,8.9,81,22.0
20250703,Bengaluru,25.2,19.7,22.0,5.5,85,23.5
20250704,Bengaluru,28.0,20.0,23.5,1.6,76,23.9
20250705,Bengaluru,28.3,20.4,23.2,2.8,78,26.7
20250706,Bengaluru,27.3,20.2,23.1,2.0,78,28.5
20250707,Bengaluru,28.0,20.3,23.7,0.8,73,27.6
20250708,Bengaluru,30.1,19.9,24.3,0.4,72,25.7
20250709,Bengaluru,29.0,19.7,23.8,1.5,74,23.5
20250710,Bengaluru,29.5,20.1,23.5,5.3,79,18.8
20250711,Bengaluru,28.6,19.9,23.0,5.0,84,19.7
20250712,Bengaluru,27.8,20.0,23.3,0.8,79,22.2
20250713,Bengaluru,28.2,19.7,23.0,7.6,82,19.2
20250714,Bengaluru,26.5,19.6,22.6,8.8,82,20.6
20250715,Bengaluru,27.1,20.2,22.9,2.8,79,24.6
20250716,Bengaluru,28.0,19.7,22.5,13.8,86,15.8
20250717,Bengaluru,27.6,20.1,22.1,13.9,87,18.7
20250718,Bengaluru,27.6,19.7,22.6,11.4,84,18.4
20250719,Bengaluru,26.2,19.8,21.7,21.1,88,17.1
20250720,Bengaluru,26.5,19.6,22.0,16.0,85,17.6
20250721,Bengaluru,26.6,19.5,21.5,17.5,89,20.4
20250722,Bengaluru,25.3,19.8,21.8,9.1,85,20.6
20250723,Bengaluru,25.5,19.8,22.0,7.0,83,24.3
20250724,Bengaluru,25.1,19.9,21.6,3.8,86,25.6
20250725,Bengaluru,25.7,19.8,22.0,9.2,84,30.2
20250726,Bengaluru,26.2,20.3,22.1,8.8,82,29.3
20250727,Bengaluru,25.8,19.8,22.2,1.7,77,29.5
20250728,Bengaluru,26.5,18.9,22.5,0.5,76,24.9
20250729,Bengaluru,27.2,18.8,22.5,1.1,77,26.8
20250730,Bengaluru,27.9,19.2,23.1,0.4,76,24.5
20250731,Bengaluru,27.1,19.4,22.9,1.1,81,19.9
20250801,Bengaluru,28.2,19.4,23.2,1.4,80,15.5
20250802,Bengaluru,28.5,19.5,23.5,1.2,78,11.9
20250803,Bengaluru,28.6,19.5,22.7,5.5,83,11.7
20250804,Bengaluru,28.8,19.6,23.3,2.6,82,11.5
20250805,Bengaluru,27.2,20.1,22.7,15.3,88,11.1
20250806,Bengaluru,27.9,19.7,23.2,1.4,84,13.6
20250807,Bengaluru,28.0,19.9,23.5,2.1,83,10.5
20250808,Bengaluru,27.3,20.3,22.6,6.3,87,8.8
20250809,Bengaluru,26.5,20.0,22.3,7.5,87,10.2
20250810,Bengaluru,26.5,19.9,22.0,12.9,87,13.2
20250811,Bengaluru,25.1,19.2,21.7,7.5,87,15.1
20250812,Bengaluru,25.5,19.2,21.6,5.9,85,18.4
20250813,Bengaluru,23.2,19.2,20.5,15.1,94,16.8
20250814,Bengaluru,24.7,18.9,21.1,5.1,88,19.3
20250815,Bengaluru,26.1,19.0,21.5,8.2,86,20.4
20250816,Bengaluru,26.7,19.7,22.0,5.9,85,22.1
20250817,Bengaluru,25.5,19.7,21.3,17.4,88,20.9
20250818,Bengaluru,22.7,19.3,20.7,6.9,89,21.7
20250819,Bengaluru,25.1,19.0,21.7,0.3,78,28.5
20250820,Bengaluru,27.2,19.1,22.4,1.3,78,22.8
20250821,Bengaluru,26.9,18.3,22.5,0.2,82,15.5
20250822,Bengaluru,27.0,19.2,22.5,4.6,84,11.6
20250823,Bengaluru,27.3,19.7,22.8,0.2,80,12.9
20250824,Bengaluru,28.0,18.8,23.1,0.3,76,16.1
20250825,Bengaluru,27.1,17.8,22.8,0.0,75,17.0
20250826,Bengaluru,28.4,18.5,22.6,1.6,77,17.8
20250827,Bengaluru,26.7,19.3,21.8,15.4,86,20.7
20250828,Bengaluru,25.8,19.6,21.6,8.7,89,18.4
20250829,Bengaluru,25.4,19.6,22.2,0.9,82,22.4
20250830,Bengaluru,27.8,19.6,22.8,4.0,83,19.9
20250831,Bengaluru,26.9,19.6,22.3,10.0,85,19.3
20250901,Bengaluru,26.6,19.8,22.5,4.3,81,21.9
20250902,Bengaluru,27.2,18.8,22.0,6.0,83,22.1
20250903,Bengaluru,25.5,19.6,21.6,5.5,87,18.9
20250904,Bengaluru,26.0,19.3,22.3,2.8,84,19.4
20250905,Bengaluru,26.8,19.1,22.8,1.3,81,13.5
20250906,Bengaluru,27.0,19.4,22.5,3.3,83,13.3
20250907,Bengaluru,27.7,19.6,23.1,1.8,81,14.3
20250908,Bengaluru,28.0,18.8,23.4,1.0,76,11.2
20250909,Bengaluru,28.2,19.1,23.6,1.5,78,8.3
20250910,Bengaluru,27.6,19.5,23.1,8.8,82,14.2
20250911,Bengaluru,26.3,19.3,22.4,0.4,80,14.5
20250912,Bengaluru,27.2,19.6,23.1,0.4,75,12.6
20250913,Bengaluru,28.1,18.9,23.3,1.2,75,11.6
20250914,Bengaluru,27.8,18.8,23.1,0.0,75,13.1
20250915,Bengaluru,28.4,19.1,23.2,2.0,77,15.8
20250916,Bengaluru,27.6,19.8,22.4,4.7,84,16.1
20250917,Bengaluru,25.7,19.7,22.1,10.7,88,10.8
20250918,Bengaluru,27.3,19.8,22.2,16.5,88,15.5
20250919,Bengaluru,24.3,19.3,21.3,6.8,90,14.5
20250920,Bengaluru,26.7,19.3,21.8,16.2,87,16.7
20250921,Bengaluru,27.0,18.9,22.4,3.5,83,14.6
20250922,Bengaluru,27.1,19.2,22.5,1.4,82,15.1
20250923,Bengaluru,25.3,19.8,21.9,8.4,85,17.7
20250924,Bengaluru,25.4,18.9,21.8,3.5,84,20.0
20250925,Bengaluru,27.1,18.9,22.1,8.5,84,18.7
20250926,Bengaluru,26.9,18.8,22.4,1.1,77,20.5
20250927,Bengaluru,26.6,19.4,22.2,2.8,80,25.2
20250928,Bengaluru,28.0,19.3,22.9,1.4,77,23.9
20250929,Bengaluru,28.3,19.6,23.0,0.4,75,23.4
20250930,Bengaluru,28.2,17.9,23.0,0.1,72,21.8
20251001,Bengaluru,29.2,19.4,23.6,2.4,73,18.8
20251002,Bengaluru,28.0,19.9,23.3,3.1,76,18.9
20251003,Bengaluru,29.6,19.4,23.6,10.9,76,11.8
20251004,Bengaluru,26.3,20.7,22.6,6.9,84,12.7
20251005,Bengaluru,28.6,18.3,23.1,2.1,75,16.6
20251006,Bengaluru,27.2,19.6,23.0,5.1,74,11.9
20251007,Bengaluru,28.7,18.9,23.8,0.8,70,8.7
20251008,Bengaluru,27.8,20.5,23.4,5.2,78,7.9
20251009,Bengaluru,27.5,19.1,22.6,35.4,85,10.3
20251010,Bengaluru,27.0,18.9,22.6,19.3,84,12.7
20251011,Bengaluru,27.0,19.3,22.7,9.1,80,10.4
20251012,Bengaluru,27.8,18.8,23.1,0.0,69,11.2
20251013,Bengaluru,27.8,18.9,23.1,0.0,74,12.4
20251014,Bengaluru,28.0,19.8,23.3,3.1,80,13.7
20251015,Bengaluru,26.7,20.2,22.5,4.8,85,15.5
20251016,Bengaluru,27.1,20.4,22.6,3.8,86,19.3
20251017,Bengaluru,26.3,19.6,22.2,5.1,88,16.1
20251018,Bengaluru,27.3,20.0,22.0,13.0,89,16.0
20251019,Bengaluru,27.3,19.1,22.4,22.4,86,9.0
20251020,Bengaluru,27.1,20.1,22.4,4.7,86,13.7
20251021,Bengaluru,25.4,20.0,21.5,6.0,90,17.6
20251022,Bengaluru,24.6,20.3,21.6,25.3,91,17.7
20251023,Bengaluru,25.7,19.8,22.3,1.6,85,13.5
20251024,Bengaluru,25.2,19.4,22.0,0.1,81,16.8
20251025,Bengaluru,26.6,19.6,22.8,0.0,79,13.9
20251026,Bengaluru,27.7,19.9,23.1,0.4,79,8.9
20251027,Bengaluru,23.9,19.4,21.4,2.5,88,13.8
20251028,Bengaluru,24.0,19.9,21.4,2.6,86,19.4
20251029,Bengaluru,26.8,19.4,22.2,0.1,78,21.9
20251030,Bengaluru,26.9,18.2,22.1,0.0,77,20.2
20251031,Bengaluru,27.3,18.0,22.4,0.0,71,15.0
20251101,Bengaluru,28.4,17.9,22.9,0.0,70,9.1
20251102,Bengaluru,27.8,17.7,23.0,0.0,73,9.4
20251103,Bengaluru,28.0,18.5,23.3,0.0,71,9.9
20251104,Bengaluru,27.1,18.5,22.4,0.1,77,11.3
20251105,Bengaluru,27.4,19.5,22.7,4.5,80,11.1
20251106,Bengaluru,26.5,19.1,22.0,1.9,81,11.4
20251107,Bengaluru,27.5,18.7,22.7,0.6,75,10.8
20251108,Bengaluru,27.3,18.6,22.3,0.0,69,11.5
20251109,Bengaluru,26.6,17.2,21.7,0.0,53,11.0
20251110,Bengaluru,28.8,17.2,22.4,0.0,60,9.4
20251111,Bengaluru,27.5,18.1,22.9,0.0,68,10.3
20251112,Bengaluru,27.9,19.0,23.1,0.1,70,11.3
20251113,Bengaluru,28.1,19.4,23.2,0.6,73,11.0
20251114,Bengaluru,27.9,19.1,22.5,0.0,70,12.6
20251115,Bengaluru,26.7,16.3,21.3,0.0,65,12.0
20251116,Bengaluru,26.3,17.5,21.8,0.0,71,12.0
20251117,Bengaluru,26.5,17.1,21.4,0.0,68,13.2
20251118,Bengaluru,24.6,18.2,20.8,5.8,77,15.4
20251119,Bengaluru,26.6,18.3,21.7,0.4,78,13.9
20251120,Bengaluru,27.8,18.2,22.2,0.0,76,10.6
20251121,Bengaluru,27.2,18.1,21.7,0.6,82,13.7
20251122,Bengaluru,26.9,19.6,22.3,1.5,82,17.6
20251123,Bengaluru,26.5,19.4,22.1,0.4,81,17.0
20251124,Bengaluru,26.8,19.2,22.1,0.0,78,15.1
20251125,Bengaluru,26.5,18.0,21.5,0.0,75,14.4
20251126,Bengaluru,26.6,17.0,20.9,0.0,74,15.6
20251127,Bengaluru,25.2,16.5,20.3,0.0,74,15.7
20251128,Bengaluru,24.8,15.8,19.8,0.0,74,18.9
20251129,Bengaluru,22.2,16.2,19.0,0.1,80,17.6
20251130,Bengaluru,21.4,18.3,19.3,6.3,92,14.6
20251201,Bengaluru,23.9,18.7,20.8,0.1,83,16.8
20251202,Bengaluru,24.8,18.5,21.2,0.3,83,13.8
20251203,Bengaluru,25.0,19.1,21.4,1.7,86,17.2
20251204,Bengaluru,25.9,19.3,21.4,7.5,85,14.3
20251205,Bengaluru,24.9,19.3,21.4,1.3,82,17.4
20251206,Bengaluru,25.6,17.4,20.9,0.0,76,14.1
20251207,Bengaluru,26.5,17.0,20.9,0.0,76,13.1
20251208,Bengaluru,27.1,15.9,20.5,0.0,67,13.7
20251209,Bengaluru,27.2,15.2,20.5,0.0,72,13.9
20251210,Bengaluru,27.4,17.0,21.2,0.0,56,13.5
20251211,Bengaluru,26.6,14.8,20.0,0.0,63,14.6
20251212,Bengaluru,26.7,13.9,19.8,0.0,65,11.9
20251213,Bengaluru,27.3,14.1,19.9,0.0,57,13.4
20251214,Bengaluru,26.1,14.2,19.7,0.0,63,13.2
20251215,Bengaluru,26.4,14.2,19.5,0.0,63,12.5
20251216,Bengaluru,25.1,15.4,20.2,0.1,78,21.9
20251217,Bengaluru,26.9,17.8,21.9,0.0,69,16.1
20251218,Bengaluru,27.0,15.0,20.2,0.0,62,12.9
20251219,Bengaluru,26.5,14.8,20.0,0.0,62,11.6
20251220,Bengaluru,25.3,13.8,19.1,0.0,65,10.7
20251221,Bengaluru,25.7,14.3,19.5,0.0,66,11.7
20251222,Bengaluru,24.8,14.3,19.2,0.0,72,12.7
20251223,Bengaluru,25.7,15.0,19.8,0.0,67,9.8
20251224,Bengaluru,25.3,14.5,19.8,0.0,63,11.7
20251225,Bengaluru,26.8,14.4,20.3,0.0,61,12.3
20251226,Bengaluru,26.4,17.4,21.2,0.0,65,12.6
20251227,Bengaluru,26.0,16.2,20.4,0.0,62,11.8
20251228,Bengaluru,26.6,15.0,20.3,0.0,67,12.0
20251229,Bengaluru,27.2,15.0,20.9,0.0,67,12.4
20251230,Bengaluru,28.7,16.5,22.1,0.0,63,10.2
20251231,Bengaluru,28.2,17.0,22.5,0.5,68,10.2
